account_id,customer_id,product,balance,status
500001,100001,Checking,1917.35,Active
500002,100002,Credit Card,-2654.82,Dormant
500003,100003,Credit Card,-407.25,Active
500004,100003,Checking,21720.97,Dormant
500005,100004,Credit Card,-1301.79,Active
500006,100004,Checking,3188.78,Active
500007,100005,Checking,3144.33,Active
500008,100006,Credit Card,-1119.61,Dormant
500009,100006,Savings,28783.54,Active
500010,100007,Credit Card,-946.13,Active
500011,100007,Savings,20371.13,Dormant
500012,100008,Savings,9275.24,Active
500013,100008,Credit Card,-1911.23,Dormant
500014,100009,Savings,8146.89,Active
500015,100010,Checking,4730.03,Dormant
500016,100010,Savings,3159.48,Active
500017,100011,Credit Card,-1994.96,Active
500018,100012,Checking,5659.96,Active
500019,100013,Checking,5539.66,Active
500020,100014,Checking,6924.27,Active
500021,100015,Credit Card,-703.35,Active
500022,100016,Credit Card,-1237.35,Dormant
500023,100017,Credit Card,-2858.64,Active
500024,100018,Savings,4368.38,Dormant
500025,100018,Checking,30086.17,Active
500026,100018,Credit Card,-1436.91,Active
500027,100019,Savings,7161.95,Active
500028,100020,Credit Card,-1192.41,Active
500029,100020,Savings,11181.09,Active
500030,100020,Checking,15404.39,Active
500031,100021,Credit Card,-2868.56,Active
500032,100022,Credit Card,-36.06,Dormant
500033,100023,Credit Card,-190.9,Active
500034,100023,Checking,2156.88,Dormant
500035,100024,Checking,804.37,Dormant
500036,100024,Credit Card,-2801.55,Dormant
500037,100024,Savings,2618.11,Active
500038,100025,Checking,1683.26,Active
500039,100026,Checking,6271.92,Dormant
500040,100027,Savings,24811.1,Active
500041,100027,Credit Card,-2083.74,Dormant
500042,100027,Checking,49170.94,Dormant
500043,100028,Credit Card,-1517.42,Active
500044,100029,Credit Card,-2702.96,Active
500045,100030,Credit Card,-960.53,Active
500046,100031,Credit Card,-788.35,Active
500047,100032,Checking,2868.68,Active
500048,100032,Savings,14570.94,Dormant
500049,100032,Credit Card,-1706.59,Dormant
500050,100033,Credit Card,-1708.97,Active
500051,100034,Checking,9488.58,Active
500052,100034,Credit Card,-2202.14,Active
500053,100035,Savings,6493.76,Active
500054,100036,Checking,7166.93,Dormant
500055,100037,Credit Card,-183.48,Active
500056,100037,Checking,7778.9,Active
500057,100038,Checking,6481.5,Active
500058,100039,Savings,12131.54,Active
500059,100040,Savings,10919.59,Dormant
500060,100040,Credit Card,-177.28,Dormant
500061,100041,Checking,4442.0,Active
500062,100042,Savings,34005.08,Dormant
500063,100042,Credit Card,-1723.95,Active
500064,100042,Checking,22444.56,Active
500065,100043,Credit Card,-396.24,Active
500066,100044,Checking,14736.82,Dormant
500067,100044,Savings,15416.68,Active
500068,100045,Checking,7415.48,Active
500069,100046,Checking,4403.29,Dormant
500070,100047,Savings,6752.11,Active
500071,100047,Checking,2531.18,Dormant
500072,100048,Checking,4792.93,Active
500073,100049,Credit Card,-4140.4,Active
500074,100050,Checking,2254.51,Active
500075,100051,Savings,5616.14,Active
500076,100051,Checking,2289.34,Active
500077,100052,Credit Card,-2045.04,Active
500078,100052,Savings,33558.12,Active
500079,100053,Checking,14225.49,Dormant
500080,100054,Credit Card,-3882.12,Active
500081,100055,Savings,43912.62,Dormant
500082,100055,Credit Card,-2409.52,Active
500083,100056,Credit Card,-1929.11,Active
500084,100057,Credit Card,-1344.59,Active
500085,100058,Savings,4799.34,Dormant
500086,100059,Checking,2279.33,Active
500087,100059,Savings,5347.08,Dormant
500088,100059,Credit Card,-599.01,Active
500089,100060,Savings,63442.83,Active
500090,100060,Credit Card,-497.04,Active
500091,100061,Savings,8608.23,Active
500092,100061,Checking,3781.5,Active
500093,100062,Savings,23723.19,Active
500094,100063,Checking,6545.56,Active
500095,100064,Credit Card,-2226.69,Active
500096,100065,Savings,7384.79,Dormant
500097,100066,Credit Card,-3815.34,Active
500098,100067,Savings,16160.51,Active
500099,100068,Credit Card,-1283.6,Active
500100,100069,Credit Card,-1393.24,Active
500101,100069,Checking,4112.22,Active
500102,100069,Savings,6589.35,Dormant
500103,100070,Checking,42545.68,Active
500104,100070,Credit Card,-666.71,Dormant
500105,100071,Checking,2771.4,Dormant
500106,100071,Savings,8050.87,Active
500107,100072,Credit Card,-3197.67,Active
500108,100072,Savings,22665.06,Active
500109,100072,Checking,5479.15,Active
500110,100073,Credit Card,-811.08,Active
500111,100074,Savings,7894.28,Dormant
500112,100075,Checking,19304.48,Active
500113,100075,Savings,29184.87,Active
500114,100076,Credit Card,-1973.53,Active
500115,100077,Savings,5412.65,Active
500116,100078,Credit Card,-1014.98,Active
500117,100079,Credit Card,-2585.3,Active
500118,100080,Savings,9365.23,Dormant
500119,100080,Credit Card,-1346.89,Dormant
500120,100080,Checking,3139.63,Active
500121,100081,Savings,73766.74,Dormant
500122,100082,Checking,28816.7,Active
500123,100083,Savings,11362.13,Dormant
500124,100084,Credit Card,-1352.35,Dormant
500125,100085,Checking,4200.85,Active
500126,100085,Credit Card,-2206.67,Active
500127,100086,Savings,17524.99,Active
500128,100087,Credit Card,-808.83,Active
500129,100087,Savings,3766.48,Dormant
500130,100088,Savings,7295.46,Dormant
500131,100088,Credit Card,-2784.77,Active
500132,100089,Checking,3566.41,Active
500133,100090,Credit Card,-1975.34,Active
500134,100090,Savings,48145.5,Active
500135,100091,Checking,42679.58,Active
500136,100092,Savings,5911.51,Active
500137,100093,Savings,6795.0,Active
500138,100094,Credit Card,-2323.52,Active
500139,100095,Savings,2057.03,Active
500140,100096,Credit Card,-216.25,Active
500141,100097,Checking,5097.26,Active
500142,100098,Checking,34206.92,Active
500143,100099,Savings,4113.62,Active
500144,100100,Savings,6460.4,Dormant
500145,100100,Credit Card,-1676.68,Active
500146,100101,Credit Card,-1331.41,Dormant
500147,100101,Checking,9793.05,Active
500148,100101,Savings,56499.11,Active
500149,100102,Checking,21551.71,Active
500150,100103,Savings,84548.77,Dormant
500151,100104,Savings,3692.16,Active
500152,100105,Checking,13830.47,Active
500153,100106,Credit Card,-1892.84,Active
500154,100107,Savings,7372.88,Active
500155,100107,Credit Card,-2318.95,Active
500156,100108,Savings,6675.15,Active
500157,100108,Checking,753.48,Active
500158,100109,Credit Card,-763.37,Dormant
500159,100110,Checking,5824.24,Dormant
500160,100111,Checking,8600.7,Active
500161,100111,Savings,8651.79,Dormant
500162,100112,Credit Card,-2344.11,Active
500163,100113,Credit Card,-1208.88,Active
500164,100114,Checking,12744.26,Active
500165,100115,Checking,19568.17,Dormant
500166,100116,Savings,19535.87,Dormant
500167,100117,Checking,37153.44,Active
500168,100118,Credit Card,-3543.42,Active
500169,100119,Checking,3398.18,Active
500170,100120,Credit Card,-1471.18,Dormant
500171,100121,Checking,2096.21,Active
500172,100121,Credit Card,-1120.03,Active
500173,100122,Savings,13187.09,Dormant
500174,100123,Savings,2214.0,Active
500175,100124,Checking,10706.83,Active
500176,100125,Checking,11237.97,Active
500177,100126,Savings,5209.09,Active
500178,100127,Checking,16389.86,Active
500179,100128,Savings,12145.53,Active
500180,100128,Credit Card,-585.74,Active
500181,100129,Credit Card,-3978.51,Dormant
500182,100129,Checking,2422.94,Active
500183,100129,Savings,1771.09,Active
500184,100130,Credit Card,-1888.98,Active
500185,100131,Checking,9192.13,Dormant
500186,100132,Savings,30208.76,Active
500187,100133,Credit Card,-3916.34,Active
500188,100134,Credit Card,-234.82,Active
500189,100134,Checking,24121.25,Dormant
500190,100135,Checking,1570.41,Active
500191,100136,Credit Card,-4084.84,Active
500192,100136,Checking,1261.0,Active
500193,100137,Savings,6432.77,Active
500194,100138,Savings,1602.27,Active
500195,100139,Checking,4586.99,Active
500196,100140,Credit Card,-2077.91,Active
500197,100140,Savings,6258.5,Active
500198,100140,Checking,9674.53,Active
500199,100141,Checking,7939.2,Active
500200,100142,Credit Card,-465.15,Active
500201,100142,Checking,6380.84,Active
500202,100142,Savings,13470.77,Active
500203,100143,Checking,10092.22,Active
500204,100144,Credit Card,-783.95,Active
500205,100144,Savings,42305.55,Active
500206,100144,Checking,4516.24,Dormant
500207,100145,Checking,1621.12,Active
500208,100146,Savings,2771.61,Active
500209,100146,Credit Card,-1599.59,Dormant
500210,100147,Checking,63591.36,Active
500211,100148,Savings,4270.69,Active
500212,100149,Credit Card,-413.65,Active
500213,100149,Checking,20282.63,Active
500214,100150,Savings,3599.95,Active
500215,100151,Credit Card,-144.77,Dormant
500216,100152,Checking,1182.79,Active
500217,100152,Savings,9510.84,Active
500218,100153,Credit Card,-2482.61,Active
500219,100153,Savings,5053.73,Dormant
500220,100154,Checking,6727.93,Active
500221,100154,Savings,22661.84,Dormant
500222,100155,Checking,3083.96,Active
500223,100156,Checking,33532.31,Active
500224,100157,Checking,3634.76,Active
500225,100157,Credit Card,-346.1,Active
500226,100158,Checking,4814.92,Active
500227,100159,Credit Card,-538.92,Dormant
500228,100160,Credit Card,-556.33,Active
500229,100160,Savings,16017.64,Active
500230,100161,Credit Card,-2238.86,Active
500231,100162,Checking,11238.08,Dormant
500232,100163,Checking,493.15,Active
500233,100163,Savings,25998.0,Active
500234,100164,Savings,11766.99,Active
500235,100165,Checking,3850.09,Active
500236,100165,Savings,5285.45,Active
500237,100166,Checking,7317.0,Active
500238,100166,Credit Card,-1472.71,Active
500239,100167,Credit Card,-74.8,Active
500240,100167,Savings,16329.73,Active
500241,100168,Checking,15553.04,Active
500242,100169,Credit Card,-31.68,Dormant
500243,100170,Credit Card,-3015.4,Dormant
500244,100170,Savings,17032.19,Dormant
500245,100171,Checking,10958.28,Dormant
500246,100171,Credit Card,-1315.75,Active
500247,100172,Credit Card,-667.88,Active
500248,100172,Savings,2137.07,Active
500249,100173,Savings,13824.68,Active
500250,100174,Credit Card,-2464.41,Dormant
500251,100175,Savings,2799.53,Active
500252,100175,Checking,4779.78,Dormant
500253,100176,Credit Card,-3134.83,Active
500254,100176,Savings,26015.99,Dormant
500255,100177,Savings,2000.75,Active
500256,100178,Savings,37203.65,Active
500257,100178,Checking,13129.29,Active
500258,100179,Checking,22735.6,Active
500259,100180,Checking,507.78,Active
500260,100180,Savings,2322.08,Active
500261,100181,Savings,2545.66,Active
500262,100182,Savings,2211.31,Active
500263,100183,Savings,3045.21,Active
500264,100184,Credit Card,-2007.07,Active
500265,100185,Credit Card,-909.11,Dormant
500266,100185,Savings,1728.02,Active
500267,100186,Credit Card,-88.98,Active
500268,100187,Savings,88225.73,Active
500269,100188,Credit Card,-1891.64,Active
500270,100188,Savings,11032.95,Active
500271,100189,Savings,6478.0,Dormant
500272,100189,Credit Card,-3330.74,Dormant
500273,100190,Checking,13207.91,Dormant
500274,100190,Credit Card,-2988.89,Active
500275,100190,Savings,91418.81,Active
500276,100191,Savings,8936.79,Active
500277,100192,Credit Card,-1600.89,Active
500278,100193,Credit Card,-154.45,Dormant
500279,100194,Credit Card,-2114.57,Dormant
500280,100194,Checking,5539.4,Active
500281,100194,Savings,13721.24,Dormant
500282,100195,Savings,1270.24,Active
500283,100196,Credit Card,-2375.37,Active
500284,100197,Savings,3480.44,Active
500285,100198,Savings,13496.68,Active
500286,100199,Savings,7894.98,Dormant
500287,100199,Checking,3209.1,Dormant
500288,100200,Checking,33672.24,Active
500289,100200,Credit Card,-2073.38,Active
500290,100201,Savings,5630.83,Active
500291,100202,Credit Card,-3150.56,Active
500292,100202,Checking,15921.05,Dormant
500293,100203,Savings,7220.24,Active
500294,100204,Credit Card,-1404.68,Active
500295,100205,Checking,9372.95,Dormant
500296,100205,Savings,37407.18,Active
500297,100206,Checking,21245.33,Active
500298,100207,Checking,4914.86,Active
500299,100207,Credit Card,-2813.07,Active
500300,100208,Credit Card,-512.0,Active
500301,100209,Savings,5040.94,Active
500302,100209,Checking,4528.07,Active
500303,100210,Savings,6914.56,Active
500304,100211,Credit Card,-2894.26,Active
500305,100212,Credit Card,-2357.56,Active
500306,100213,Credit Card,-2715.42,Active
500307,100214,Credit Card,-1441.33,Dormant
500308,100214,Checking,8923.24,Active
500309,100215,Checking,13888.72,Active
500310,100216,Credit Card,-3457.52,Active
500311,100217,Credit Card,-1017.31,Active
500312,100218,Credit Card,-1960.57,Active
500313,100219,Credit Card,-2670.26,Active
500314,100219,Savings,93672.28,Active
500315,100220,Credit Card,-583.4,Dormant
500316,100221,Savings,3167.98,Active
500317,100222,Savings,2228.97,Active
500318,100222,Checking,2578.54,Active
500319,100223,Savings,50524.46,Active
500320,100224,Credit Card,-1287.14,Active
500321,100225,Savings,22372.63,Active
500322,100226,Credit Card,-17.53,Active
500323,100227,Savings,6312.11,Active
500324,100228,Credit Card,-2146.25,Active
500325,100228,Savings,17927.91,Dormant
500326,100228,Checking,9132.33,Active
500327,100229,Savings,4149.34,Active
500328,100229,Checking,1993.03,Dormant
500329,100229,Credit Card,-2946.91,Active
500330,100230,Savings,1926.38,Active
500331,100231,Credit Card,-677.27,Active
500332,100232,Savings,11670.22,Active
500333,100233,Checking,12231.46,Active
500334,100234,Credit Card,-1124.84,Active
500335,100234,Checking,3994.75,Active
500336,100235,Credit Card,-1319.71,Dormant
500337,100235,Checking,2492.66,Active
500338,100236,Credit Card,-173.42,Active
500339,100236,Checking,45365.57,Active
500340,100237,Credit Card,-1828.2,Active
500341,100238,Checking,5548.56,Active
500342,100239,Savings,15142.3,Active
500343,100239,Credit Card,-1089.03,Dormant
500344,100240,Credit Card,-2093.53,Active
500345,100240,Savings,3690.58,Active
500346,100241,Checking,11059.93,Active
500347,100242,Credit Card,-2912.31,Active
500348,100242,Savings,2971.8,Active
500349,100243,Checking,18347.28,Active
500350,100244,Savings,8123.62,Active
500351,100245,Credit Card,-1823.93,Dormant
500352,100246,Savings,45426.4,Dormant
500353,100246,Checking,12738.74,Dormant
500354,100247,Checking,5989.9,Active
500355,100248,Savings,3579.21,Active
500356,100249,Savings,8382.07,Active
500357,100249,Checking,4848.72,Active
500358,100250,Savings,3623.31,Dormant
500359,100251,Savings,18992.49,Dormant
500360,100251,Checking,16313.46,Dormant
500361,100252,Credit Card,-1083.65,Active
500362,100252,Savings,21089.77,Dormant
500363,100253,Credit Card,-235.45,Active
500364,100254,Savings,48875.31,Dormant
500365,100255,Checking,2557.12,Dormant
500366,100255,Credit Card,-968.13,Active
500367,100256,Credit Card,-1183.61,Active
500368,100257,Savings,19209.53,Dormant
500369,100258,Savings,22875.87,Active
500370,100258,Credit Card,-1629.42,Dormant
500371,100259,Checking,5217.4,Active
500372,100260,Credit Card,-1485.48,Dormant
500373,100261,Credit Card,-717.76,Active
500374,100262,Credit Card,-2642.77,Active
500375,100263,Savings,10692.48,Dormant
500376,100264,Savings,3052.12,Active
500377,100265,Checking,6324.74,Active
500378,100265,Savings,20443.07,Active
500379,100266,Checking,5572.09,Active
500380,100266,Credit Card,-274.4,Dormant
500381,100267,Checking,3845.93,Dormant
500382,100268,Credit Card,-2014.08,Dormant
500383,100268,Checking,31681.38,Dormant
500384,100269,Checking,19635.43,Active
500385,100270,Credit Card,-1127.95,Active
500386,100271,Checking,731.0,Active
500387,100272,Checking,55333.96,Active
500388,100272,Savings,85595.14,Active
500389,100273,Savings,4188.54,Active
500390,100273,Credit Card,-833.14,Active
500391,100274,Checking,10373.21,Active
500392,100274,Credit Card,-1217.48,Active
500393,100275,Savings,15491.79,Active
500394,100276,Savings,8598.18,Active
500395,100277,Credit Card,-248.25,Dormant
500396,100278,Savings,49073.89,Active
500397,100279,Checking,4149.56,Active
500398,100280,Savings,3226.74,Active
500399,100280,Checking,7352.34,Active
500400,100281,Credit Card,-2404.55,Active
500401,100282,Checking,18364.17,Active
500402,100283,Checking,13816.56,Active
500403,100284,Checking,28208.0,Active
500404,100285,Credit Card,-979.37,Dormant
500405,100285,Checking,14897.97,Active
500406,100286,Checking,3000.0,Active
500407,100286,Savings,14335.28,Dormant
500408,100286,Credit Card,-1372.01,Active
500409,100287,Credit Card,-1154.26,Active
500410,100287,Checking,7108.25,Dormant
500411,100288,Credit Card,-1058.39,Active
500412,100289,Savings,5341.63,Active
500413,100290,Credit Card,-435.34,Active
500414,100290,Checking,14346.58,Active
500415,100291,Credit Card,-2242.28,Active
500416,100292,Savings,658.3,Active
500417,100293,Credit Card,-2325.84,Active
500418,100294,Credit Card,-1509.54,Dormant
500419,100294,Savings,16764.42,Dormant
500420,100295,Credit Card,-1611.12,Active
500421,100295,Checking,23887.78,Active
500422,100296,Checking,22225.24,Dormant
500423,100297,Checking,9798.23,Active
500424,100298,Savings,3598.27,Active
500425,100298,Credit Card,-2997.95,Active
500426,100299,Credit Card,-2946.08,Active
500427,100300,Checking,13846.75,Active
500428,100301,Checking,8213.91,Active
500429,100302,Credit Card,-142.38,Active
500430,100303,Checking,6614.75,Active
500431,100303,Savings,2491.96,Dormant
500432,100304,Credit Card,-365.45,Active
500433,100304,Checking,7859.95,Active
500434,100305,Savings,18983.51,Dormant
500435,100306,Checking,4824.47,Dormant
500436,100306,Credit Card,-319.95,Active
500437,100307,Credit Card,-2514.46,Active
500438,100308,Savings,16148.96,Active
500439,100309,Savings,12439.73,Active
500440,100309,Credit Card,-134.26,Active
500441,100310,Savings,45238.23,Active
500442,100311,Checking,21876.84,Active
500443,100312,Savings,12183.71,Active
500444,100312,Credit Card,-1859.25,Dormant
500445,100313,Checking,4697.47,Active
500446,100314,Savings,13689.04,Active
500447,100314,Checking,19270.31,Dormant
500448,100315,Checking,3179.48,Active
500449,100316,Savings,1216.17,Active
500450,100317,Checking,15761.37,Active
500451,100318,Checking,17093.67,Active
500452,100319,Savings,6891.74,Dormant
500453,100319,Checking,2221.14,Active
500454,100320,Savings,11685.96,Active
500455,100321,Checking,15061.6,Active
500456,100321,Credit Card,-733.1,Active
500457,100322,Savings,11336.37,Active
500458,100322,Credit Card,-2665.9,Active
500459,100323,Checking,4201.74,Active
500460,100324,Checking,1676.56,Active
500461,100325,Credit Card,-1437.27,Active
500462,100326,Savings,19171.27,Active
500463,100327,Checking,6355.82,Active
500464,100328,Savings,860.13,Dormant
500465,100329,Savings,13394.19,Active
500466,100329,Checking,22382.0,Active
500467,100330,Credit Card,-972.32,Active
500468,100331,Savings,3947.45,Active
500469,100332,Credit Card,-1157.22,Active
500470,100333,Checking,4793.94,Active
500471,100334,Savings,28214.28,Dormant
500472,100335,Checking,13527.55,Dormant
500473,100336,Checking,2268.38,Dormant
500474,100336,Credit Card,-2460.67,Active
500475,100337,Savings,13657.93,Active
500476,100338,Credit Card,-1739.68,Active
500477,100338,Savings,61654.41,Active
500478,100339,Checking,21159.49,Active
500479,100340,Savings,9877.87,Dormant
500480,100340,Checking,4082.04,Active
500481,100340,Credit Card,-1601.72,Dormant
500482,100341,Credit Card,-2713.71,Dormant
500483,100342,Checking,11591.56,Active
500484,100343,Credit Card,-2136.9,Active
500485,100343,Savings,52929.58,Dormant
500486,100344,Credit Card,-834.15,Active
500487,100345,Savings,2776.46,Dormant
500488,100345,Credit Card,-2996.63,Active
500489,100346,Checking,38131.36,Active
500490,100347,Checking,1163.4,Active
500491,100348,Credit Card,-2565.2,Active
500492,100348,Checking,2042.25,Dormant
500493,100349,Checking,5852.84,Active
500494,100349,Savings,3577.35,Active
500495,100350,Savings,5364.64,Dormant
500496,100351,Checking,17454.2,Active
500497,100352,Savings,4470.6,Active
500498,100352,Checking,5385.97,Dormant
500499,100352,Credit Card,-2.06,Dormant
500500,100353,Savings,16642.53,Active
500501,100354,Credit Card,-69.95,Active
500502,100355,Credit Card,-320.11,Active
500503,100355,Savings,5575.64,Dormant
500504,100356,Checking,7087.84,Dormant
500505,100357,Savings,3534.89,Active
500506,100358,Credit Card,-2148.31,Dormant
500507,100359,Credit Card,-3305.2,Active
500508,100360,Checking,1452.29,Active
500509,100361,Credit Card,-3474.53,Dormant
500510,100361,Checking,2243.34,Active
500511,100362,Credit Card,-3844.09,Dormant
500512,100363,Credit Card,-732.65,Active
500513,100364,Credit Card,-898.9,Active
500514,100365,Savings,7483.2,Active
500515,100365,Credit Card,-2658.18,Active
500516,100366,Credit Card,-3701.19,Dormant
500517,100367,Savings,1970.57,Active
500518,100367,Checking,2734.05,Active
500519,100368,Credit Card,-1919.91,Active
500520,100369,Savings,33508.73,Active
500521,100370,Credit Card,-3764.96,Dormant
500522,100371,Credit Card,-2224.34,Dormant
500523,100372,Savings,2538.42,Active
500524,100373,Savings,29453.32,Active
500525,100373,Checking,25749.55,Dormant
500526,100374,Savings,9224.84,Active
500527,100374,Credit Card,-2284.97,Active
500528,100375,Credit Card,-1764.21,Active
500529,100375,Checking,5190.77,Active
500530,100375,Savings,24487.41,Active
500531,100376,Savings,3895.35,Dormant
500532,100377,Checking,5137.89,Dormant
500533,100377,Credit Card,-1745.34,Dormant
500534,100377,Savings,11920.28,Dormant
500535,100378,Savings,5270.81,Dormant
500536,100379,Savings,18492.69,Dormant
500537,100380,Checking,45561.2,Dormant
500538,100381,Credit Card,-2274.53,Dormant
500539,100382,Checking,4778.37,Dormant
500540,100382,Savings,4522.44,Active
500541,100383,Checking,12340.03,Dormant
500542,100384,Checking,2428.03,Active
500543,100384,Savings,14637.37,Active
500544,100385,Credit Card,-1924.41,Dormant
500545,100385,Savings,14275.96,Active
500546,100386,Credit Card,-1416.41,Active
500547,100387,Credit Card,-2529.71,Active
500548,100388,Credit Card,-5181.78,Active
500549,100388,Savings,4453.39,Active
500550,100389,Checking,2899.54,Dormant
500551,100390,Savings,15260.95,Active
500552,100391,Savings,4437.72,Active
500553,100392,Credit Card,-474.66,Active
500554,100393,Credit Card,-2583.43,Active
500555,100393,Savings,25829.47,Dormant
500556,100394,Credit Card,-1236.64,Active
500557,100395,Savings,14929.93,Active
500558,100395,Checking,11577.35,Dormant
500559,100396,Credit Card,-2364.21,Active
500560,100397,Savings,8914.48,Active
500561,100397,Credit Card,-1698.4,Active
500562,100398,Savings,9365.8,Active
500563,100399,Credit Card,-1812.26,Active
500564,100399,Checking,22286.97,Dormant
500565,100400,Checking,28686.13,Active
500566,100401,Checking,8281.02,Active
500567,100401,Savings,7718.39,Active
500568,100402,Checking,3205.91,Active
500569,100403,Checking,17378.82,Dormant
500570,100404,Savings,2616.96,Active
500571,100404,Credit Card,-2217.98,Dormant
500572,100405,Checking,5294.06,Active
500573,100405,Credit Card,-859.72,Active
500574,100406,Checking,4955.52,Active
500575,100407,Savings,2417.75,Dormant
500576,100408,Credit Card,-2806.72,Active
500577,100409,Credit Card,-926.27,Dormant
500578,100410,Checking,16491.2,Dormant
500579,100411,Savings,33568.91,Dormant
500580,100412,Credit Card,-3438.44,Active
500581,100412,Checking,7145.21,Active
500582,100413,Savings,15329.13,Active
500583,100413,Credit Card,-1604.09,Active
500584,100413,Checking,18746.16,Active
500585,100414,Credit Card,-2952.08,Dormant
500586,100415,Credit Card,-1912.27,Active
500587,100416,Credit Card,-206.09,Active
500588,100416,Checking,2844.74,Active
500589,100417,Checking,31887.71,Active
500590,100418,Checking,2014.72,Active
500591,100418,Savings,4490.8,Active
500592,100419,Savings,2628.82,Active
500593,100419,Checking,9263.64,Active
500594,100420,Checking,1341.48,Active
500595,100421,Credit Card,-1850.38,Active
500596,100422,Credit Card,-2336.8,Active
500597,100422,Checking,2012.17,Active
500598,100422,Savings,10266.64,Dormant
500599,100423,Credit Card,-2963.03,Active
500600,100423,Checking,4749.67,Active
500601,100424,Savings,16921.46,Active
500602,100425,Savings,3815.42,Dormant
500603,100426,Credit Card,-479.21,Active
500604,100426,Savings,30897.89,Active
500605,100427,Savings,10565.33,Dormant
500606,100427,Checking,24367.7,Dormant
500607,100428,Checking,16963.53,Active
500608,100429,Savings,8143.29,Active
500609,100429,Checking,6130.58,Dormant
500610,100429,Credit Card,-2044.16,Active
500611,100430,Checking,2687.9,Dormant
500612,100431,Credit Card,-2960.99,Dormant
500613,100432,Credit Card,-1640.81,Active
500614,100433,Credit Card,-1314.43,Active
500615,100433,Savings,8846.46,Active
500616,100434,Credit Card,-308.33,Active
500617,100435,Checking,3648.03,Active
500618,100435,Savings,32020.55,Active
500619,100436,Credit Card,-3815.33,Active
500620,100436,Savings,13437.18,Active
500621,100436,Checking,10344.88,Dormant
500622,100437,Credit Card,-261.04,Dormant
500623,100438,Savings,35111.07,Active
500624,100439,Checking,5524.97,Dormant
500625,100440,Savings,8267.99,Active
500626,100440,Checking,6079.2,Active
500627,100440,Credit Card,-1581.45,Dormant
500628,100441,Credit Card,-2110.42,Active
500629,100442,Savings,7870.03,Active
500630,100443,Savings,10727.87,Active
500631,100443,Checking,19380.5,Active
500632,100444,Credit Card,-2023.25,Dormant
500633,100444,Checking,21219.4,Active
500634,100444,Savings,27633.25,Active
500635,100445,Credit Card,-1480.46,Dormant
500636,100446,Checking,16588.92,Active
500637,100446,Credit Card,-55.66,Active
500638,100447,Credit Card,-92.06,Dormant
500639,100447,Checking,820.76,Dormant
500640,100448,Credit Card,-941.56,Active
500641,100449,Savings,4246.81,Active
500642,100450,Checking,2045.59,Active
500643,100451,Checking,824.74,Active
500644,100451,Savings,2968.47,Active
500645,100452,Credit Card,-3107.79,Active
500646,100452,Savings,3832.04,Active
500647,100453,Checking,1467.21,Dormant
500648,100453,Credit Card,-41.36,Active
500649,100454,Credit Card,-5416.36,Active
500650,100455,Credit Card,-2845.31,Active
500651,100456,Credit Card,-2000.18,Active
500652,100457,Checking,3989.52,Active
500653,100457,Savings,15745.84,Active
500654,100458,Checking,5382.04,Dormant
500655,100458,Credit Card,-899.85,Active
500656,100459,Checking,14420.32,Dormant
500657,100460,Credit Card,-3228.3,Dormant
500658,100461,Credit Card,-535.81,Active
500659,100462,Checking,7473.21,Active
500660,100463,Savings,14745.56,Active
500661,100464,Checking,2422.73,Dormant
500662,100465,Savings,17711.24,Active
500663,100466,Credit Card,-18.03,Active
500664,100467,Credit Card,-2193.69,Dormant
500665,100468,Checking,37269.15,Active
500666,100468,Savings,40866.02,Active
500667,100469,Checking,36477.95,Active
500668,100470,Savings,33996.11,Active
500669,100471,Credit Card,-553.38,Active
500670,100472,Savings,6450.97,Active
500671,100473,Credit Card,-42.09,Dormant
500672,100473,Checking,11346.87,Active
500673,100473,Savings,19383.93,Active
500674,100474,Checking,8385.71,Active
500675,100475,Credit Card,-1148.66,Active
500676,100476,Credit Card,-870.26,Active
500677,100477,Credit Card,-998.56,Active
500678,100478,Checking,14749.3,Active
500679,100479,Credit Card,-423.57,Dormant
500680,100479,Savings,1444.25,Active
500681,100480,Checking,5415.88,Active
500682,100481,Savings,17825.9,Active
500683,100482,Savings,2206.02,Dormant
500684,100483,Credit Card,-2391.36,Active
500685,100484,Checking,9567.81,Active
500686,100484,Credit Card,-366.29,Dormant
500687,100485,Checking,2402.63,Active
500688,100486,Credit Card,-1911.52,Dormant
500689,100486,Savings,9705.22,Active
500690,100487,Savings,4157.36,Active
500691,100487,Checking,3310.0,Active
500692,100488,Checking,7028.68,Dormant
500693,100489,Savings,39412.77,Active
500694,100489,Checking,6468.01,Dormant
500695,100490,Checking,24399.6,Dormant
500696,100491,Credit Card,-706.16,Dormant
500697,100492,Savings,3347.91,Active
500698,100493,Checking,5518.99,Active
500699,100494,Checking,4257.21,Active
500700,100494,Savings,2959.18,Active
500701,100494,Credit Card,-1025.6,Active
500702,100495,Savings,6086.28,Dormant
500703,100496,Savings,11181.36,Active
500704,100497,Credit Card,-627.48,Active
500705,100497,Checking,9761.4,Active
500706,100498,Credit Card,-1114.62,Dormant
500707,100499,Checking,2263.92,Dormant
500708,100499,Savings,5518.06,Active
500709,100500,Savings,7852.51,Active
500710,100501,Savings,33876.19,Active
500711,100502,Credit Card,-4307.46,Active
500712,100502,Checking,13494.23,Dormant
500713,100503,Checking,635.37,Dormant
500714,100503,Savings,6340.3,Dormant
500715,100503,Credit Card,-1776.23,Dormant
500716,100504,Credit Card,-374.66,Dormant
500717,100504,Checking,4809.92,Dormant
500718,100505,Credit Card,-486.75,Active
500719,100506,Savings,3540.07,Active
500720,100506,Checking,3033.57,Active
500721,100507,Credit Card,-1140.21,Active
500722,100508,Credit Card,-3191.13,Active
500723,100509,Savings,7791.66,Active
500724,100510,Savings,7961.41,Active
500725,100510,Checking,4469.21,Active
500726,100510,Credit Card,-2607.65,Dormant
500727,100511,Checking,9729.62,Dormant
500728,100511,Credit Card,-1955.05,Active
500729,100512,Savings,2649.08,Dormant
500730,100513,Credit Card,-1851.39,Active
500731,100513,Checking,1198.55,Active
500732,100514,Checking,11301.11,Active
500733,100514,Savings,3454.29,Active
500734,100515,Savings,14264.93,Active
500735,100516,Checking,7659.48,Active
500736,100517,Checking,3586.91,Active
500737,100518,Checking,2806.22,Active
500738,100518,Credit Card,-2457.39,Active
500739,100518,Savings,21068.03,Active
500740,100519,Savings,825.07,Dormant
500741,100520,Checking,4248.92,Active
500742,100521,Savings,8007.36,Active
500743,100522,Credit Card,-2724.27,Active
500744,100523,Savings,6274.07,Active
500745,100524,Savings,26746.61,Active
500746,100525,Checking,6879.46,Active
500747,100526,Checking,3187.79,Active
500748,100526,Credit Card,-1429.8,Active
500749,100526,Savings,9521.72,Active
500750,100527,Checking,3186.66,Active
500751,100528,Credit Card,-267.13,Active
500752,100529,Savings,26806.81,Dormant
500753,100530,Checking,9425.93,Active
500754,100530,Savings,28463.1,Active
500755,100531,Checking,4314.79,Active
500756,100532,Savings,2631.82,Active
500757,100533,Credit Card,-1688.88,Dormant
500758,100534,Credit Card,-2281.15,Active
500759,100535,Savings,4149.33,Active
500760,100535,Checking,3232.07,Active
500761,100536,Savings,4329.57,Active
500762,100537,Savings,3135.48,Dormant
500763,100538,Credit Card,-2185.64,Active
500764,100538,Checking,2707.23,Active
500765,100538,Savings,20378.68,Active
500766,100539,Checking,2355.76,Active
500767,100540,Credit Card,-1352.42,Active
500768,100540,Checking,58490.22,Active
500769,100540,Savings,26494.97,Active
500770,100541,Credit Card,-1100.96,Active
500771,100542,Savings,16630.55,Active
500772,100542,Checking,24443.8,Dormant
500773,100543,Checking,11707.65,Active
500774,100544,Checking,6247.28,Dormant
500775,100545,Checking,10611.41,Active
500776,100545,Savings,19224.24,Active
500777,100545,Credit Card,-93.7,Active
500778,100546,Savings,25618.28,Dormant
500779,100547,Credit Card,-1420.49,Dormant
500780,100547,Checking,5132.52,Active
500781,100548,Credit Card,-1781.35,Active
500782,100548,Savings,4523.32,Active
500783,100549,Checking,23599.28,Active
500784,100549,Savings,49307.87,Dormant
500785,100550,Checking,23697.77,Dormant
500786,100551,Savings,12810.77,Active
500787,100552,Checking,15439.83,Active
500788,100553,Savings,2193.52,Active
500789,100553,Checking,1427.79,Active
500790,100554,Savings,28086.4,Active
500791,100555,Savings,15566.49,Active
500792,100555,Checking,7532.5,Active
500793,100555,Credit Card,-341.56,Active
500794,100556,Credit Card,-307.34,Dormant
500795,100557,Savings,11650.71,Active
500796,100558,Savings,17010.91,Active
500797,100559,Credit Card,-3216.43,Dormant
500798,100559,Checking,8275.24,Dormant
500799,100559,Savings,3571.58,Dormant
500800,100560,Credit Card,-416.16,Dormant
500801,100561,Savings,8898.05,Active
500802,100561,Checking,12195.71,Active
500803,100562,Savings,6344.34,Active
500804,100563,Credit Card,-1303.96,Dormant
500805,100564,Savings,9578.23,Active
500806,100565,Credit Card,-3019.35,Dormant
500807,100566,Checking,48198.3,Active
500808,100566,Credit Card,-3772.75,Dormant
500809,100567,Savings,2848.64,Active
500810,100568,Savings,14442.46,Dormant
500811,100568,Credit Card,-1809.69,Dormant
500812,100569,Checking,5340.6,Active
500813,100570,Credit Card,-343.29,Dormant
500814,100571,Credit Card,-2174.27,Active
500815,100572,Savings,6022.37,Active
500816,100573,Savings,2079.68,Dormant
500817,100574,Checking,4767.91,Dormant
500818,100574,Savings,1604.48,Active
500819,100574,Credit Card,-1439.92,Dormant
500820,100575,Checking,5176.76,Active
500821,100575,Savings,27162.74,Active
500822,100575,Credit Card,-830.09,Active
500823,100576,Savings,40567.75,Active
500824,100577,Checking,6534.95,Active
500825,100578,Credit Card,-4188.78,Active
500826,100579,Savings,7519.94,Active
500827,100580,Credit Card,-1998.31,Active
500828,100581,Credit Card,-3098.44,Active
500829,100581,Checking,1322.06,Active
500830,100582,Credit Card,-2688.3,Active
500831,100582,Savings,4401.76,Active
500832,100583,Credit Card,-2222.7,Active
500833,100584,Checking,1726.79,Active
500834,100584,Credit Card,-1242.34,Active
500835,100585,Savings,18149.61,Active
500836,100585,Credit Card,-2253.25,Active
500837,100586,Credit Card,-603.47,Active
500838,100587,Credit Card,-4462.62,Dormant
500839,100587,Checking,2522.31,Dormant
500840,100588,Checking,57379.91,Active
500841,100588,Credit Card,-3550.36,Dormant
500842,100589,Credit Card,-1664.13,Active
500843,100590,Savings,50496.9,Active
500844,100591,Savings,4563.88,Active
500845,100592,Checking,14395.82,Active
500846,100592,Credit Card,-435.94,Active
500847,100593,Savings,2055.35,Active
500848,100593,Checking,8233.54,Active
500849,100594,Savings,6152.15,Active
500850,100594,Checking,10517.44,Dormant
500851,100594,Credit Card,-1902.96,Dormant
500852,100595,Checking,14423.56,Active
500853,100596,Credit Card,-481.02,Dormant
500854,100596,Checking,4917.99,Active
500855,100597,Checking,4724.14,Active
500856,100597,Credit Card,-1451.19,Active
500857,100598,Checking,62422.68,Active
500858,100598,Credit Card,-291.57,Active
500859,100599,Checking,4131.81,Active
500860,100599,Credit Card,-1656.98,Active
500861,100600,Savings,11469.89,Active
500862,100600,Credit Card,-1116.69,Active
500863,100600,Checking,1087.67,Active
500864,100601,Checking,5619.66,Active
500865,100601,Credit Card,-1786.45,Active
500866,100602,Credit Card,-804.71,Active
500867,100603,Checking,7723.02,Active
500868,100603,Credit Card,-2038.73,Active
500869,100603,Savings,4596.95,Dormant
500870,100604,Checking,10393.64,Active
500871,100604,Credit Card,-3117.26,Dormant
500872,100605,Credit Card,-724.07,Active
500873,100606,Savings,22606.87,Active
500874,100607,Credit Card,-173.71,Active
500875,100608,Savings,31243.35,Active
500876,100609,Checking,18716.08,Active
500877,100610,Checking,10741.03,Dormant
500878,100611,Credit Card,-1254.77,Active
500879,100612,Savings,15649.66,Dormant
500880,100612,Checking,13492.72,Active
500881,100613,Savings,28844.91,Dormant
500882,100613,Checking,8781.29,Active
500883,100613,Credit Card,-2068.57,Active
500884,100614,Credit Card,-813.62,Dormant
500885,100615,Savings,8135.31,Active
500886,100615,Credit Card,-1992.44,Active
500887,100616,Savings,4191.8,Active
500888,100617,Checking,1552.19,Active
500889,100617,Credit Card,-1695.34,Active
500890,100618,Credit Card,-2564.37,Dormant
500891,100619,Savings,18926.66,Dormant
500892,100620,Credit Card,-1747.49,Active
500893,100621,Credit Card,-799.01,Active
500894,100621,Savings,26498.9,Dormant
500895,100622,Savings,43653.42,Active
500896,100622,Credit Card,-1149.2,Active
500897,100623,Checking,8569.46,Active
500898,100623,Credit Card,-2714.07,Dormant
500899,100624,Credit Card,-11.46,Active
500900,100625,Credit Card,-912.37,Active
500901,100626,Savings,59516.72,Active
500902,100626,Checking,10466.2,Dormant
500903,100627,Savings,66506.53,Active
500904,100628,Credit Card,-1451.07,Active
500905,100629,Credit Card,-1541.34,Dormant
500906,100629,Savings,2796.74,Active
500907,100630,Savings,5735.6,Dormant
500908,100631,Credit Card,-159.88,Active
500909,100632,Credit Card,-408.42,Active
500910,100632,Checking,49942.48,Dormant
500911,100633,Checking,71900.65,Dormant
500912,100633,Savings,36166.41,Active
500913,100634,Savings,14891.11,Active
500914,100634,Credit Card,-2778.51,Active
500915,100635,Credit Card,-1435.53,Active
500916,100636,Checking,12305.16,Dormant
500917,100636,Savings,45639.83,Active
500918,100637,Savings,13341.86,Dormant
500919,100638,Credit Card,-2029.15,Dormant
500920,100638,Savings,13265.71,Dormant
500921,100639,Checking,8979.75,Active
500922,100640,Savings,6419.66,Dormant
500923,100641,Savings,21324.1,Active
500924,100642,Checking,9965.75,Active
500925,100643,Savings,3023.79,Active
500926,100644,Credit Card,-993.45,Active
500927,100644,Checking,2055.96,Dormant
500928,100645,Savings,9787.81,Active
500929,100646,Checking,13948.06,Active
500930,100647,Credit Card,-604.14,Active
500931,100648,Credit Card,-2861.23,Active
500932,100649,Checking,1445.47,Active
500933,100649,Savings,2308.01,Active
500934,100650,Checking,4336.61,Dormant
500935,100651,Savings,2263.82,Active
500936,100651,Credit Card,-1768.18,Active
500937,100652,Credit Card,-416.37,Active
500938,100652,Checking,2743.47,Dormant
500939,100653,Savings,41061.51,Active
500940,100654,Checking,19566.76,Active
500941,100654,Credit Card,-266.09,Dormant
500942,100655,Credit Card,-1134.5,Active
500943,100656,Savings,34119.82,Active
500944,100657,Checking,8368.84,Active
500945,100657,Savings,42473.53,Active
500946,100657,Credit Card,-3800.05,Active
500947,100658,Credit Card,-1502.6,Dormant
500948,100659,Credit Card,-1158.9,Active
500949,100659,Checking,8419.44,Active
500950,100660,Credit Card,-2666.39,Dormant
500951,100661,Savings,2744.66,Active
500952,100662,Savings,6909.57,Dormant
500953,100662,Credit Card,-2108.57,Active
500954,100663,Savings,8664.28,Active
500955,100664,Savings,14020.87,Active
500956,100665,Credit Card,-3349.93,Dormant
500957,100665,Checking,25758.77,Active
500958,100666,Credit Card,-1427.1,Active
500959,100666,Savings,2079.66,Dormant
500960,100667,Credit Card,-731.0,Active
500961,100667,Checking,11605.97,Dormant
500962,100667,Savings,17996.42,Active
500963,100668,Credit Card,-3510.72,Active
500964,100669,Savings,3511.95,Active
500965,100669,Credit Card,-1675.98,Active
500966,100670,Savings,22131.21,Active
500967,100670,Credit Card,-2486.27,Active
500968,100671,Checking,6780.98,Active
500969,100671,Savings,5593.4,Active
500970,100672,Checking,32891.41,Active
500971,100673,Savings,5438.49,Dormant
500972,100673,Credit Card,-2194.38,Dormant
500973,100674,Checking,2452.75,Active
500974,100675,Checking,4388.86,Active
500975,100676,Savings,54093.03,Active
500976,100677,Checking,1581.72,Dormant
500977,100678,Checking,17678.02,Active
500978,100678,Credit Card,-50.08,Active
500979,100679,Savings,17725.26,Active
500980,100679,Credit Card,-398.72,Dormant
500981,100680,Credit Card,-1913.14,Active
500982,100680,Checking,1999.65,Active
500983,100680,Savings,10029.95,Active
500984,100681,Checking,2181.26,Active
500985,100682,Savings,5389.94,Active
500986,100683,Credit Card,-686.22,Active
500987,100683,Savings,25257.67,Dormant
500988,100684,Checking,6959.02,Active
500989,100685,Savings,13683.5,Dormant
500990,100686,Credit Card,-3500.93,Active
500991,100687,Savings,4504.3,Active
500992,100688,Savings,4696.11,Dormant
500993,100689,Savings,5270.22,Active
500994,100689,Checking,7441.19,Dormant
500995,100690,Savings,9953.64,Active
500996,100690,Checking,29524.33,Active
500997,100691,Credit Card,-2031.49,Active
500998,100691,Checking,29778.88,Dormant
500999,100692,Credit Card,-359.0,Active
501000,100693,Credit Card,-603.78,Active
501001,100693,Checking,2701.58,Dormant
501002,100694,Savings,49890.23,Active
501003,100695,Checking,18179.67,Active
501004,100696,Checking,669.82,Dormant
501005,100697,Credit Card,-1282.87,Dormant
501006,100698,Savings,2332.03,Dormant
501007,100698,Checking,4200.79,Dormant
501008,100699,Savings,5637.63,Active
501009,100699,Credit Card,-2493.65,Active
501010,100700,Credit Card,-1339.74,Active
501011,100700,Checking,26915.09,Dormant
501012,100701,Credit Card,-3774.73,Active
501013,100702,Checking,9115.7,Active
501014,100703,Checking,4238.09,Dormant
501015,100704,Checking,29678.88,Dormant
501016,100704,Credit Card,-4189.65,Active
501017,100705,Savings,22160.14,Active
501018,100706,Checking,2104.62,Active
501019,100707,Credit Card,-1741.81,Active
501020,100707,Savings,7480.88,Dormant
501021,100708,Credit Card,-4032.4,Active
501022,100709,Credit Card,-2219.11,Active
501023,100710,Checking,21970.28,Dormant
501024,100710,Credit Card,-1796.83,Active
501025,100711,Savings,4496.77,Active
501026,100712,Checking,34776.04,Active
501027,100713,Savings,12132.26,Active
501028,100713,Checking,1221.99,Active
501029,100714,Credit Card,-646.47,Dormant
501030,100715,Checking,2629.06,Active
501031,100716,Checking,1906.99,Dormant
501032,100716,Credit Card,-2914.09,Dormant
501033,100716,Savings,79017.11,Dormant
501034,100717,Credit Card,-316.85,Active
501035,100718,Savings,11392.77,Active
501036,100719,Savings,11112.13,Dormant
501037,100719,Checking,3371.5,Active
501038,100720,Savings,3346.68,Active
501039,100721,Savings,88872.25,Active
501040,100722,Savings,11165.43,Active
501041,100723,Checking,717.47,Active
501042,100724,Credit Card,-1921.72,Dormant
501043,100725,Savings,29790.8,Active
501044,100726,Credit Card,-2854.2,Active
501045,100726,Savings,7148.76,Dormant
501046,100727,Credit Card,-132.18,Active
501047,100727,Savings,15720.33,Active
501048,100728,Checking,883.85,Active
501049,100729,Savings,6023.93,Active
501050,100729,Credit Card,-1499.26,Active
501051,100729,Checking,3153.21,Dormant
501052,100730,Savings,23497.1,Active
501053,100731,Credit Card,-110.07,Active
501054,100732,Savings,14053.83,Active
501055,100733,Savings,3693.63,Dormant
501056,100734,Savings,49230.56,Dormant
501057,100735,Checking,7370.32,Active
501058,100736,Checking,2218.22,Dormant
501059,100737,Savings,1476.41,Dormant
501060,100737,Credit Card,-3476.77,Active
501061,100738,Savings,6968.55,Active
501062,100738,Credit Card,-3277.6,Dormant
501063,100739,Savings,5837.32,Active
501064,100739,Credit Card,-134.56,Dormant
501065,100740,Checking,1383.39,Active
501066,100741,Checking,5226.46,Dormant
501067,100742,Credit Card,-2596.31,Dormant
501068,100743,Savings,8647.23,Active
501069,100744,Credit Card,-100.99,Dormant
501070,100745,Checking,32162.68,Active
501071,100746,Checking,3223.08,Active
501072,100747,Checking,14254.54,Active
501073,100747,Credit Card,-1100.3,Active
501074,100748,Checking,28103.6,Active
501075,100749,Checking,4056.79,Active
501076,100750,Credit Card,-1396.58,Active
501077,100750,Checking,22209.05,Active
501078,100751,Credit Card,-1668.98,Active
501079,100752,Credit Card,-3148.64,Active
501080,100753,Checking,5466.28,Active
501081,100753,Credit Card,-1733.44,Dormant
501082,100754,Credit Card,-1405.83,Dormant
501083,100754,Savings,948.63,Active
501084,100755,Checking,31035.26,Active
501085,100756,Credit Card,-1033.47,Active
501086,100756,Savings,12332.98,Active
501087,100756,Checking,10046.73,Active
501088,100757,Savings,16031.39,Active
501089,100757,Credit Card,-805.47,Active
501090,100758,Credit Card,-1644.55,Dormant
501091,100759,Savings,1587.59,Active
501092,100760,Savings,766.44,Active
501093,100761,Checking,5597.9,Active
501094,100762,Savings,1184.52,Active
501095,100763,Credit Card,-141.34,Active
501096,100764,Savings,15603.18,Dormant
501097,100765,Savings,12639.03,Active
501098,100765,Checking,2903.54,Active
501099,100766,Credit Card,-2008.78,Dormant
501100,100766,Checking,2516.89,Dormant
501101,100767,Savings,4394.82,Dormant
501102,100767,Credit Card,-2888.55,Active
501103,100768,Savings,20419.54,Dormant
501104,100768,Checking,3783.95,Dormant
501105,100769,Credit Card,-1965.6,Active
501106,100770,Credit Card,-1108.91,Dormant
501107,100770,Checking,14910.24,Active
501108,100770,Savings,11504.06,Active
501109,100771,Checking,7555.51,Dormant
501110,100772,Checking,14183.32,Active
501111,100773,Credit Card,-1918.65,Active
501112,100773,Savings,9659.76,Active
501113,100774,Checking,4056.86,Active
501114,100775,Savings,9658.98,Active
501115,100776,Credit Card,-312.46,Active
501116,100777,Credit Card,-2534.92,Active
501117,100778,Checking,12898.02,Dormant
501118,100778,Credit Card,-3367.09,Active
501119,100779,Savings,10979.91,Active
501120,100779,Checking,5754.42,Dormant
501121,100780,Savings,11040.77,Dormant
501122,100780,Credit Card,-592.55,Dormant
501123,100781,Savings,15626.12,Active
501124,100782,Checking,1491.63,Active
501125,100782,Credit Card,-328.27,Active
501126,100782,Savings,6138.35,Active
501127,100783,Checking,20516.29,Active
501128,100784,Checking,2339.0,Active
501129,100785,Savings,12050.42,Dormant
501130,100785,Credit Card,-146.69,Active
501131,100786,Credit Card,-752.05,Active
501132,100787,Credit Card,-2217.02,Active
501133,100787,Savings,36188.35,Active
501134,100788,Checking,2309.45,Active
501135,100789,Checking,9382.26,Active
501136,100790,Checking,894.84,Active
501137,100790,Savings,7628.09,Active
501138,100791,Credit Card,-3445.29,Active
501139,100792,Savings,17652.28,Active
501140,100793,Checking,17355.17,Active
501141,100794,Checking,1347.62,Dormant
501142,100795,Savings,12398.15,Active
501143,100795,Checking,12039.8,Active
501144,100795,Credit Card,-2211.63,Active
501145,100796,Savings,22751.62,Active
501146,100797,Checking,4437.23,Dormant
501147,100798,Savings,14311.17,Dormant
501148,100798,Credit Card,-1701.41,Dormant
501149,100798,Checking,7908.41,Dormant
501150,100799,Credit Card,-780.81,Dormant
501151,100800,Checking,5067.14,Active
501152,100801,Savings,19532.41,Active
501153,100802,Credit Card,-2120.0,Dormant
501154,100803,Checking,18335.48,Active
501155,100803,Savings,5517.55,Dormant
501156,100804,Checking,1407.22,Active
501157,100804,Credit Card,-1651.63,Active
501158,100805,Savings,1926.52,Active
501159,100806,Credit Card,-2420.14,Active
501160,100807,Credit Card,-714.81,Active
501161,100807,Savings,27866.4,Active
501162,100808,Savings,12492.85,Active
501163,100808,Credit Card,-2587.35,Dormant
501164,100809,Checking,4120.8,Active
501165,100809,Credit Card,-1180.04,Active
501166,100810,Checking,45318.86,Active
501167,100810,Credit Card,-3849.42,Active
501168,100811,Checking,611.44,Dormant
501169,100812,Savings,20388.19,Active
501170,100812,Credit Card,-1925.82,Active
501171,100812,Checking,8334.58,Active
501172,100813,Savings,5608.09,Active
501173,100814,Checking,69503.44,Active
501174,100814,Credit Card,-1314.49,Active
501175,100815,Credit Card,-3868.32,Active
501176,100816,Checking,20002.81,Dormant
501177,100817,Savings,21109.74,Active
501178,100818,Credit Card,-2186.59,Active
501179,100818,Savings,5301.78,Active
501180,100819,Savings,1838.56,Active
501181,100819,Credit Card,-1039.11,Active
501182,100820,Credit Card,-1548.1,Active
501183,100820,Checking,5980.1,Active
501184,100821,Checking,5231.68,Active
501185,100822,Checking,4258.11,Dormant
501186,100822,Savings,10636.32,Dormant
501187,100823,Checking,8614.18,Active
501188,100823,Credit Card,-1134.08,Active
501189,100824,Checking,9812.32,Dormant
501190,100824,Credit Card,-219.0,Dormant
501191,100825,Checking,12260.06,Dormant
501192,100825,Credit Card,-2461.3,Active
501193,100826,Checking,26175.71,Active
501194,100827,Credit Card,-1467.42,Dormant
501195,100828,Credit Card,-2892.59,Active
501196,100829,Credit Card,-496.16,Dormant
501197,100830,Checking,18946.64,Dormant
501198,100830,Savings,6015.09,Dormant
501199,100831,Credit Card,-1811.64,Active
501200,100831,Savings,7166.69,Dormant
501201,100832,Checking,120216.75,Active
501202,100833,Savings,10550.94,Dormant
501203,100834,Checking,19878.7,Dormant
501204,100834,Savings,56075.5,Active
501205,100834,Credit Card,-1716.21,Active
501206,100835,Checking,2363.88,Dormant
501207,100835,Savings,1374.54,Dormant
501208,100836,Credit Card,-3008.66,Active
501209,100836,Savings,4361.33,Active
501210,100837,Savings,2983.89,Active
501211,100838,Savings,9207.37,Dormant
501212,100838,Checking,2291.56,Active
501213,100839,Credit Card,-634.77,Active
501214,100839,Savings,4768.2,Active
501215,100840,Credit Card,-2892.66,Active
501216,100841,Credit Card,-1345.08,Active
501217,100842,Credit Card,-2403.87,Active
501218,100843,Credit Card,-2705.94,Active
501219,100844,Credit Card,-609.71,Active
501220,100845,Credit Card,-459.1,Active
501221,100846,Savings,7188.0,Dormant
501222,100847,Checking,8728.62,Active
501223,100847,Credit Card,-1814.81,Active
501224,100847,Savings,5653.44,Active
501225,100848,Credit Card,-1916.52,Active
501226,100849,Credit Card,-5123.43,Active
501227,100850,Checking,11344.69,Active
501228,100851,Savings,5040.26,Active
501229,100852,Credit Card,-3409.5,Active
501230,100852,Checking,3349.0,Active
501231,100853,Checking,3430.77,Active
501232,100854,Checking,4256.63,Dormant
501233,100855,Checking,1526.18,Active
501234,100855,Credit Card,-2758.75,Dormant
501235,100856,Savings,4804.76,Dormant
501236,100856,Checking,5176.35,Active
501237,100857,Credit Card,-4988.92,Dormant
501238,100858,Credit Card,-1524.81,Dormant
501239,100859,Credit Card,-1014.74,Dormant
501240,100859,Savings,5919.61,Dormant
501241,100860,Savings,6240.78,Active
501242,100860,Credit Card,-2156.35,Active
501243,100861,Savings,6533.43,Dormant
501244,100862,Credit Card,-1796.83,Active
501245,100863,Savings,3627.92,Active
501246,100863,Credit Card,-2851.25,Active
501247,100864,Savings,13424.34,Active
501248,100864,Checking,1390.92,Active
501249,100864,Credit Card,-1498.83,Active
501250,100865,Checking,2678.56,Active
501251,100866,Savings,9174.98,Active
501252,100867,Savings,17604.96,Active
501253,100868,Checking,14791.69,Active
501254,100868,Savings,2644.29,Active
501255,100869,Checking,388.57,Dormant
501256,100869,Credit Card,-2718.24,Active
501257,100870,Savings,7939.33,Active
501258,100871,Savings,108338.52,Active
501259,100871,Credit Card,-2118.76,Dormant
501260,100872,Savings,2080.93,Active
501261,100872,Credit Card,-2359.88,Active
501262,100873,Savings,4580.32,Dormant
501263,100874,Checking,1541.51,Active
501264,100874,Savings,5116.31,Dormant
501265,100875,Savings,2408.45,Active
501266,100876,Credit Card,-2618.11,Dormant
501267,100877,Credit Card,-1160.76,Active
501268,100877,Checking,3299.99,Active
501269,100878,Credit Card,-3275.96,Active
501270,100879,Checking,14624.84,Active
501271,100880,Credit Card,-1372.96,Active
501272,100881,Credit Card,-4744.41,Active
501273,100881,Checking,10113.17,Active
501274,100881,Savings,1896.35,Active
501275,100882,Savings,12982.45,Dormant
501276,100882,Checking,1139.51,Active
501277,100882,Credit Card,-1718.71,Active
501278,100883,Checking,46441.92,Dormant
501279,100884,Checking,5718.44,Dormant
501280,100884,Savings,4211.61,Active
501281,100885,Credit Card,-2017.21,Active
501282,100886,Checking,1570.42,Active
501283,100887,Credit Card,-1909.62,Active
501284,100887,Checking,11539.58,Active
501285,100887,Savings,24677.02,Active
501286,100888,Checking,69348.44,Dormant
501287,100888,Savings,107481.34,Active
501288,100889,Savings,3838.71,Active
501289,100890,Checking,42133.91,Active
501290,100891,Savings,42966.19,Active
501291,100892,Savings,5370.84,Active
501292,100893,Checking,39286.88,Active
501293,100894,Credit Card,-1421.91,Active
501294,100895,Credit Card,-1060.61,Dormant
501295,100896,Savings,42108.72,Dormant
501296,100896,Checking,3606.62,Dormant
501297,100896,Credit Card,-2829.71,Active
501298,100897,Savings,28100.06,Active
501299,100898,Checking,10451.67,Active
501300,100898,Savings,12242.6,Active
501301,100899,Credit Card,-1736.86,Active
501302,100899,Checking,3688.41,Dormant
501303,100900,Credit Card,-1128.75,Active
501304,100901,Checking,6705.17,Active
501305,100901,Savings,1183.65,Active
501306,100902,Savings,85529.01,Dormant
501307,100903,Savings,9040.75,Active
501308,100904,Checking,743.59,Active
501309,100904,Credit Card,-1654.46,Dormant
501310,100905,Savings,40462.47,Dormant
501311,100906,Credit Card,-837.36,Active
501312,100906,Checking,1382.9,Active
501313,100906,Savings,12844.99,Active
501314,100907,Savings,41888.5,Active
501315,100908,Credit Card,-3082.33,Dormant
501316,100908,Savings,2311.04,Active
501317,100909,Savings,29791.77,Active
501318,100910,Credit Card,-3982.33,Dormant
501319,100911,Credit Card,-502.32,Active
501320,100912,Savings,7261.65,Active
501321,100913,Credit Card,-3764.03,Active
501322,100914,Checking,19943.07,Dormant
501323,100915,Checking,2256.75,Active
501324,100916,Credit Card,-1415.78,Dormant
501325,100917,Credit Card,-5490.65,Active
501326,100917,Checking,25273.82,Active
501327,100918,Credit Card,-988.02,Active
501328,100918,Savings,47604.94,Active
501329,100919,Savings,4633.93,Active
501330,100919,Credit Card,-2421.88,Active
501331,100919,Checking,5495.88,Active
501332,100920,Checking,10501.06,Dormant
501333,100921,Credit Card,-3387.65,Active
501334,100922,Credit Card,-1019.36,Active
501335,100922,Savings,11804.35,Active
501336,100923,Credit Card,-941.37,Active
501337,100923,Savings,6704.49,Active
501338,100924,Savings,61708.18,Dormant
501339,100924,Checking,21206.21,Active
501340,100924,Credit Card,-802.74,Active
501341,100925,Credit Card,-2788.3,Dormant
501342,100926,Savings,2671.36,Dormant
501343,100927,Checking,37684.89,Active
501344,100928,Checking,1197.27,Active
501345,100929,Credit Card,-267.22,Active
501346,100930,Credit Card,-1179.88,Active
501347,100930,Savings,6851.6,Active
501348,100931,Credit Card,-211.96,Active
501349,100931,Savings,3189.4,Dormant
501350,100931,Checking,2210.32,Active
501351,100932,Savings,35437.73,Dormant
501352,100932,Credit Card,-294.7,Active
501353,100933,Credit Card,-878.11,Dormant
501354,100934,Credit Card,-2747.12,Active
501355,100935,Checking,7119.62,Active
501356,100935,Credit Card,-1780.51,Dormant
501357,100936,Savings,10448.9,Active
501358,100937,Savings,3462.53,Active
501359,100938,Checking,3950.32,Dormant
501360,100938,Credit Card,-1013.28,Active
501361,100939,Checking,1220.53,Active
501362,100939,Credit Card,-1437.6,Active
501363,100940,Credit Card,-2940.79,Active
501364,100941,Savings,7493.32,Active
501365,100942,Credit Card,-129.29,Active
501366,100943,Checking,740.66,Dormant
501367,100943,Credit Card,-2157.39,Active
501368,100944,Checking,41181.41,Active
501369,100944,Savings,11659.07,Dormant
501370,100944,Credit Card,-2057.16,Active
501371,100945,Credit Card,-1098.17,Active
501372,100946,Checking,1657.7,Active
501373,100947,Credit Card,-1899.93,Active
501374,100948,Checking,12077.82,Active
501375,100948,Savings,6521.04,Active
501376,100949,Savings,33115.88,Active
501377,100950,Checking,10727.97,Active
501378,100951,Savings,11210.32,Dormant
501379,100952,Savings,38884.5,Active
501380,100953,Credit Card,-784.78,Dormant
501381,100953,Checking,3194.9,Dormant
501382,100954,Savings,11554.04,Active
501383,100955,Credit Card,-2826.83,Active
501384,100956,Savings,9565.61,Active
501385,100957,Checking,5493.01,Active
501386,100958,Checking,1854.25,Active
501387,100959,Savings,4512.09,Active
501388,100960,Credit Card,-1292.5,Dormant
501389,100961,Checking,11184.09,Active
501390,100962,Savings,29373.04,Dormant
501391,100963,Credit Card,-2551.8,Active
501392,100964,Credit Card,-624.47,Active
501393,100965,Savings,1106.66,Active
501394,100966,Checking,39381.45,Active
501395,100967,Credit Card,-827.15,Active
501396,100968,Checking,16428.42,Active
501397,100969,Checking,17339.59,Active
501398,100970,Credit Card,-2142.22,Dormant
501399,100971,Savings,24388.57,Active
501400,100971,Credit Card,-2563.72,Active
501401,100972,Checking,21717.13,Active
501402,100973,Checking,7379.29,Dormant
501403,100974,Checking,1176.96,Active
501404,100975,Savings,24746.24,Active
501405,100975,Checking,13517.72,Dormant
501406,100976,Savings,2793.63,Active
501407,100976,Credit Card,-668.19,Dormant
501408,100977,Checking,8018.12,Active
501409,100978,Savings,4009.05,Active
501410,100979,Checking,22541.53,Active
501411,100980,Credit Card,-170.66,Active
501412,100981,Checking,1972.61,Active
501413,100982,Checking,3501.54,Active
501414,100983,Credit Card,-2825.82,Active
501415,100983,Checking,7870.72,Active
501416,100984,Checking,24263.29,Active
501417,100985,Checking,3852.08,Active
501418,100985,Credit Card,-2134.76,Dormant
501419,100986,Checking,21797.13,Active
501420,100986,Savings,8858.35,Active
501421,100987,Savings,6381.05,Active
501422,100988,Credit Card,-690.52,Active
501423,100988,Savings,4786.7,Active
501424,100989,Checking,9298.42,Active
501425,100990,Savings,8400.86,Active
501426,100991,Savings,90355.95,Active
501427,100992,Credit Card,-600.6,Active
501428,100992,Checking,2334.9,Active
501429,100993,Checking,3264.96,Active
501430,100994,Credit Card,-1231.18,Active
501431,100994,Savings,13677.19,Active
501432,100995,Credit Card,-1224.91,Active
501433,100995,Checking,10265.67,Dormant
501434,100996,Credit Card,-3702.16,Dormant
501435,100996,Savings,3142.61,Dormant
501436,100997,Credit Card,-137.24,Active
501437,100998,Savings,2475.28,Dormant
501438,100999,Credit Card,-1688.82,Dormant
501439,101000,Credit Card,-3763.18,Active
501440,101001,Checking,2582.1,Dormant
501441,101002,Savings,7475.25,Active
501442,101002,Checking,3131.96,Dormant
501443,101003,Credit Card,-138.64,Active
501444,101003,Checking,43449.55,Active
501445,101004,Checking,4210.67,Active
501446,101005,Credit Card,-1444.57,Active
501447,101006,Checking,3210.16,Dormant
501448,101007,Savings,76499.97,Dormant
501449,101008,Savings,1897.38,Dormant
501450,101009,Savings,67576.58,Active
501451,101010,Checking,7374.26,Active
501452,101011,Savings,49572.42,Active
501453,101012,Checking,5881.79,Active
501454,101013,Credit Card,-5705.1,Active
501455,101013,Checking,6503.47,Active
501456,101014,Checking,2986.63,Active
501457,101015,Checking,11323.56,Active
501458,101016,Savings,1842.41,Active
501459,101017,Credit Card,-1245.85,Active
501460,101018,Credit Card,-2404.81,Active
501461,101019,Credit Card,-1982.31,Active
501462,101019,Savings,6330.47,Active
501463,101019,Checking,1351.99,Active
501464,101020,Savings,11996.25,Active
501465,101020,Credit Card,-3463.98,Dormant
501466,101021,Checking,7917.51,Active
501467,101021,Savings,10436.79,Active
501468,101022,Checking,4525.38,Active
501469,101022,Savings,26164.77,Dormant
501470,101023,Savings,17531.05,Active
501471,101023,Credit Card,-3144.03,Active
501472,101024,Savings,7948.35,Active
501473,101024,Credit Card,-2233.38,Dormant
501474,101025,Credit Card,-2491.31,Active
501475,101026,Credit Card,-2229.97,Active
501476,101027,Credit Card,-756.3,Active
501477,101028,Credit Card,-2271.32,Active
501478,101029,Savings,2201.38,Dormant
501479,101030,Savings,26631.68,Active
501480,101030,Credit Card,-2535.48,Active
501481,101031,Checking,3125.45,Active
501482,101032,Savings,4327.78,Dormant
501483,101033,Checking,13383.79,Dormant
501484,101033,Savings,5002.92,Active
501485,101033,Credit Card,-1046.44,Dormant
501486,101034,Credit Card,-498.28,Dormant
501487,101035,Savings,5790.9,Active
501488,101036,Credit Card,-1241.34,Active
501489,101037,Credit Card,-1117.37,Dormant
501490,101038,Checking,6876.48,Active
501491,101039,Savings,7220.63,Active
501492,101039,Credit Card,-139.85,Active
501493,101040,Credit Card,-2410.34,Active
501494,101041,Savings,12670.02,Active
501495,101042,Savings,10228.99,Dormant
501496,101043,Checking,5032.05,Active
501497,101044,Savings,4737.95,Active
501498,101045,Checking,12360.17,Active
501499,101046,Savings,19793.6,Dormant
501500,101046,Credit Card,-294.36,Active
501501,101047,Savings,6159.47,Active
501502,101048,Credit Card,-4513.2,Dormant
501503,101049,Checking,4709.43,Active
501504,101050,Savings,21087.52,Active
501505,101051,Credit Card,-1908.94,Dormant
501506,101052,Credit Card,-2966.01,Active
501507,101053,Savings,38781.38,Active
501508,101053,Credit Card,-2467.19,Active
501509,101054,Checking,1034.02,Dormant
501510,101055,Credit Card,-3327.24,Dormant
501511,101056,Credit Card,-2413.26,Active
501512,101057,Checking,2786.51,Active
501513,101057,Savings,10409.2,Active
501514,101058,Checking,2078.48,Active
501515,101058,Savings,10932.65,Active
501516,101059,Credit Card,-2641.54,Dormant
501517,101059,Checking,5849.15,Dormant
501518,101060,Credit Card,-1996.7,Active
501519,101060,Checking,7793.68,Active
501520,101060,Savings,6261.87,Active
501521,101061,Checking,8721.8,Active
501522,101062,Checking,27612.24,Dormant
501523,101063,Credit Card,-716.72,Dormant
501524,101064,Credit Card,-1561.84,Dormant
501525,101065,Savings,17190.18,Active
501526,101065,Checking,11394.07,Active
501527,101066,Checking,837.78,Active
501528,101067,Savings,14838.15,Dormant
501529,101067,Credit Card,-702.64,Active
501530,101068,Credit Card,-1467.27,Active
501531,101069,Savings,5760.58,Dormant
501532,101069,Checking,2501.62,Active
501533,101070,Checking,5673.84,Active
501534,101070,Credit Card,-98.98,Active
501535,101071,Credit Card,-1415.84,Dormant
501536,101072,Credit Card,-4189.72,Active
501537,101073,Checking,2985.93,Active
501538,101073,Savings,2352.45,Active
501539,101074,Checking,15915.69,Active
501540,101075,Checking,19230.95,Active
501541,101076,Savings,2664.2,Dormant
501542,101077,Checking,53834.85,Active
501543,101078,Checking,8020.17,Active
501544,101078,Credit Card,-1249.57,Active
501545,101079,Checking,1133.79,Dormant
501546,101080,Checking,3457.52,Active
501547,101081,Credit Card,-1956.08,Active
501548,101081,Checking,47938.57,Active
501549,101082,Credit Card,-1923.56,Active
501550,101082,Checking,2456.84,Active
501551,101083,Checking,19767.83,Active
501552,101084,Credit Card,-998.29,Active
501553,101085,Credit Card,-896.09,Dormant
501554,101086,Checking,45090.79,Active
501555,101086,Credit Card,-2044.89,Active
501556,101086,Savings,24281.1,Active
501557,101087,Savings,13163.89,Active
501558,101088,Checking,7348.2,Dormant
501559,101089,Credit Card,-621.99,Active
501560,101090,Savings,77484.51,Active
501561,101091,Checking,848.76,Dormant
501562,101092,Credit Card,-1004.31,Dormant
501563,101093,Checking,7263.08,Active
501564,101093,Credit Card,-1921.45,Active
501565,101093,Savings,6550.73,Dormant
501566,101094,Credit Card,-1949.77,Active
501567,101094,Checking,1677.2,Active
501568,101095,Credit Card,-960.99,Active
501569,101096,Credit Card,-2449.52,Active
501570,101096,Savings,5897.64,Active
501571,101096,Checking,4926.05,Dormant
501572,101097,Credit Card,-1210.4,Active
501573,101098,Credit Card,-578.25,Active
501574,101099,Credit Card,-1884.79,Active
501575,101100,Credit Card,-1272.98,Dormant
501576,101101,Credit Card,-386.95,Active
501577,101101,Checking,3834.58,Active
501578,101102,Savings,44478.0,Active
501579,101103,Checking,7150.18,Active
501580,101104,Credit Card,-1738.44,Dormant
501581,101105,Savings,2975.46,Active
501582,101105,Checking,4542.64,Active
501583,101106,Checking,1989.63,Dormant
501584,101107,Savings,8812.9,Active
501585,101108,Credit Card,-2294.65,Active
501586,101109,Checking,18898.9,Active
501587,101110,Credit Card,-361.05,Active
501588,101110,Checking,13483.59,Dormant
501589,101111,Checking,10671.18,Dormant
501590,101112,Checking,7600.95,Dormant
501591,101113,Checking,1114.17,Active
501592,101114,Checking,14682.26,Active
501593,101115,Checking,2141.23,Active
501594,101116,Checking,15107.42,Dormant
501595,101117,Savings,2778.55,Active
501596,101117,Checking,3372.12,Active
501597,101118,Credit Card,-290.65,Active
501598,101119,Credit Card,-2571.81,Dormant
501599,101120,Checking,40005.32,Active
501600,101120,Savings,54626.04,Active
501601,101120,Credit Card,-357.58,Dormant
501602,101121,Savings,5394.83,Dormant
501603,101122,Credit Card,-1804.29,Dormant
501604,101123,Savings,5591.2,Dormant
501605,101123,Checking,1915.29,Dormant
501606,101124,Savings,12100.37,Active
501607,101124,Checking,2797.54,Active
501608,101125,Savings,65028.11,Dormant
501609,101126,Credit Card,-2410.58,Dormant
501610,101127,Checking,10953.34,Dormant
501611,101128,Checking,7823.38,Active
501612,101129,Credit Card,-2099.47,Active
501613,101130,Savings,14302.61,Dormant
501614,101131,Savings,6972.68,Active
501615,101131,Credit Card,-2721.58,Active
501616,101131,Checking,1767.72,Dormant
501617,101132,Checking,10661.66,Active
501618,101132,Savings,5365.76,Active
501619,101133,Savings,5945.04,Dormant
501620,101133,Credit Card,-2140.54,Active
501621,101134,Credit Card,-2615.77,Dormant
501622,101134,Savings,5824.96,Active
501623,101135,Checking,9297.14,Active
501624,101136,Credit Card,-1477.45,Active
501625,101137,Credit Card,-1164.88,Active
501626,101137,Checking,3373.54,Dormant
501627,101138,Checking,7208.52,Active
501628,101138,Savings,6883.48,Active
501629,101138,Credit Card,-1541.44,Active
501630,101139,Credit Card,-3215.67,Dormant
501631,101139,Savings,80517.35,Active
501632,101140,Checking,8884.18,Dormant
501633,101141,Savings,15552.31,Active
501634,101142,Credit Card,-1275.45,Active
501635,101142,Savings,6543.88,Dormant
501636,101143,Credit Card,-2839.89,Active
501637,101143,Checking,8320.1,Active
501638,101144,Savings,7800.54,Dormant
501639,101144,Checking,8301.96,Active
501640,101145,Checking,13237.05,Dormant
501641,101146,Checking,12254.13,Dormant
501642,101147,Credit Card,-2569.83,Active
501643,101148,Checking,2057.7,Active
501644,101148,Credit Card,-314.06,Active
501645,101149,Checking,5712.79,Active
501646,101149,Savings,3065.77,Active
501647,101150,Checking,3560.07,Active
501648,101151,Credit Card,-1968.89,Active
501649,101152,Checking,5712.38,Dormant
501650,101152,Savings,13500.65,Dormant
501651,101153,Credit Card,-2130.0,Active
501652,101154,Checking,2595.53,Active
501653,101154,Credit Card,-1013.12,Active
501654,101155,Savings,2700.0,Active
501655,101156,Credit Card,-2714.31,Active
501656,101157,Credit Card,-2248.84,Active
501657,101158,Savings,25434.21,Active
501658,101159,Checking,2350.13,Active
501659,101159,Credit Card,-1836.82,Active
501660,101160,Credit Card,-4722.06,Active
501661,101161,Savings,2931.4,Active
501662,101161,Credit Card,-1500.89,Active
501663,101161,Checking,10123.96,Active
501664,101162,Checking,15438.07,Dormant
501665,101162,Savings,24598.89,Active
501666,101162,Credit Card,-3573.95,Active
501667,101163,Checking,22580.9,Dormant
501668,101163,Credit Card,-1151.52,Dormant
501669,101164,Checking,36025.8,Active
501670,101164,Credit Card,-2104.95,Active
501671,101165,Checking,1524.71,Dormant
501672,101165,Savings,2593.76,Dormant
501673,101165,Credit Card,-586.25,Active
501674,101166,Credit Card,-1981.27,Active
501675,101167,Savings,8056.05,Active
501676,101168,Credit Card,-3164.65,Active
501677,101168,Savings,34314.41,Dormant
501678,101168,Checking,8381.02,Dormant
501679,101169,Checking,6935.93,Dormant
501680,101169,Savings,9312.43,Dormant
501681,101170,Credit Card,-802.82,Active
501682,101170,Checking,2582.56,Active
501683,101170,Savings,3189.62,Active
501684,101171,Credit Card,-3250.5,Active
501685,101171,Checking,1294.83,Dormant
501686,101172,Savings,3858.91,Active
501687,101172,Credit Card,-2446.26,Dormant
501688,101173,Savings,5126.32,Active
501689,101173,Checking,2290.51,Active
501690,101173,Credit Card,-1435.34,Active
501691,101174,Credit Card,-2022.84,Active
501692,101175,Savings,6260.65,Dormant
501693,101176,Checking,5582.77,Dormant
501694,101176,Savings,1923.79,Active
501695,101177,Credit Card,-1005.02,Active
501696,101177,Savings,31473.5,Active
501697,101178,Credit Card,-818.85,Active
501698,101178,Checking,6105.91,Dormant
501699,101179,Credit Card,-1450.26,Dormant
501700,101179,Savings,30872.0,Active
501701,101180,Checking,1538.12,Active
501702,101181,Checking,6852.58,Active
501703,101182,Checking,1946.0,Active
501704,101182,Credit Card,-3040.98,Active
501705,101183,Savings,14272.24,Active
501706,101183,Checking,4529.54,Active
501707,101184,Checking,4875.07,Dormant
501708,101185,Savings,13368.01,Active
501709,101185,Credit Card,-161.07,Active
501710,101185,Checking,6934.92,Dormant
501711,101186,Savings,4682.91,Active
501712,101187,Savings,9366.27,Active
501713,101188,Savings,3460.82,Active
501714,101189,Checking,14203.34,Active
501715,101190,Savings,7983.31,Active
501716,101191,Credit Card,-1195.09,Dormant
501717,101192,Checking,3442.51,Dormant
501718,101193,Savings,16597.87,Active
501719,101194,Savings,51220.27,Active
501720,101194,Checking,13240.06,Active
501721,101194,Credit Card,-3227.53,Active
501722,101195,Credit Card,-588.2,Active
501723,101195,Savings,4016.06,Active
501724,101196,Credit Card,-2861.63,Dormant
501725,101196,Savings,2179.67,Dormant
501726,101196,Checking,9514.02,Active
501727,101197,Savings,25744.61,Active
501728,101197,Checking,8764.04,Active
501729,101198,Checking,3905.73,Active
501730,101198,Savings,3789.38,Active
501731,101199,Credit Card,-660.95,Active
501732,101200,Credit Card,-41.85,Dormant
501733,101200,Savings,1335.76,Active
