loan_id,customer_id,loan_product,principal,interest_rate,monthly_payment,loan_status,days_past_due
700001,101179,Personal Loan,7023.8,9.38,147.12,Current,0
700002,100866,Personal Loan,8257.68,10.96,179.37,Current,0
700003,100102,Personal Loan,19231.65,12.13,429.04,Late,0
700004,100440,Auto Loan,24120.56,5.99,466.24,Late,0
700005,100059,Mortgage,328577.86,7.14,2218.01,Current,0
700006,101121,Mortgage,349763.15,6.22,2146.08,Current,0
700007,100324,Personal Loan,13032.87,13.94,302.86,Current,0
700008,100975,Mortgage,243234.97,6.75,1577.78,Current,0
700009,100412,Personal Loan,11532.5,11.0,250.74,Current,0
700010,100856,Personal Loan,18587.0,10.15,396.33,Current,0
700011,100821,Personal Loan,18228.81,11.7,402.73,Current,0
700012,100045,Personal Loan,15778.21,9.54,331.69,Current,0
700013,100050,Mortgage,121022.42,5.78,708.93,Current,0
700014,100850,Auto Loan,23962.69,5.94,462.56,Current,0
700015,100241,Mortgage,171520.05,5.99,1027.07,Current,0
700016,100171,Personal Loan,1500.0,12.66,33.87,Current,0
700017,100524,Mortgage,235397.83,6.82,1537.79,Current,0
700018,100766,Personal Loan,13505.29,12.41,303.21,Late,0
700019,100839,Auto Loan,28983.29,6.45,566.36,Current,0
700020,100424,Mortgage,238817.06,6.45,1502.08,Current,0
700021,100381,Mortgage,196715.39,6.85,1289.5,Late,0
700022,100610,Mortgage,145539.27,5.91,863.88,Current,0
700023,100677,Personal Loan,13019.64,7.81,262.84,Current,0
700024,100345,Personal Loan,12379.57,12.89,280.96,Default,120
700025,100110,Personal Loan,14282.11,13.44,328.18,Current,0
700026,100278,Personal Loan,15524.79,8.43,317.96,Current,0
700027,100678,Personal Loan,13124.46,7.8,264.87,Current,0
700028,100571,Auto Loan,27304.13,6.19,530.24,Current,0
700029,100359,Mortgage,254854.59,5.58,1460.01,Current,0
700030,100599,Mortgage,166856.12,5.97,997.43,Current,0
700031,100391,Auto Loan,18377.9,5.65,352.35,Current,0
700032,100894,Auto Loan,13062.42,6.92,258.14,Current,0
700033,100693,Mortgage,264380.03,7.52,1851.53,Current,0
700034,100728,Mortgage,251089.93,6.19,1536.52,Current,0
700035,100363,Auto Loan,25612.34,7.0,507.14,Current,0
700036,100597,Personal Loan,13213.95,9.9,280.13,Current,0
700037,100428,Personal Loan,6624.52,10.76,143.26,Default,120
700038,100071,Mortgage,269005.98,5.04,1451.07,Current,0
700039,100322,Auto Loan,12679.38,9.56,266.68,Current,0
700040,100653,Mortgage,279988.0,6.89,1842.79,Current,0
700041,101066,Personal Loan,13327.13,9.64,280.78,Current,0
700042,100108,Personal Loan,15427.54,11.77,341.42,Current,0
700043,101109,Auto Loan,33283.28,6.94,658.13,Current,0
700044,100356,Auto Loan,18211.14,7.42,364.26,Current,0
700045,100951,Personal Loan,11921.34,14.61,281.15,Current,0
700046,100343,Mortgage,293458.26,6.02,1763.37,Current,0
700047,100355,Mortgage,264843.47,5.92,1574.54,Current,0
700048,100024,Personal Loan,5222.72,9.15,108.79,Current,0
700049,100044,Auto Loan,26188.67,9.08,544.6,Current,0
700050,100244,Personal Loan,7981.83,8.21,162.66,Current,0
700051,100738,Auto Loan,29848.69,7.75,601.67,Current,0
700052,101136,Personal Loan,18352.63,10.06,390.52,Current,0
700053,100368,Auto Loan,38495.12,8.41,788.18,Current,0
700054,100164,Personal Loan,16851.95,12.74,381.18,Current,0
700055,101116,Auto Loan,8631.4,7.0,170.93,Current,0
700056,100333,Mortgage,162328.3,5.13,884.43,Current,0
700057,100989,Mortgage,222280.78,4.98,1190.53,Current,0
700058,101173,Personal Loan,18123.3,12.51,407.83,Current,0
700059,101002,Auto Loan,27517.02,8.35,562.55,Current,0
700060,100378,Personal Loan,7985.66,8.4,163.46,Current,0
700061,100310,Personal Loan,7097.97,10.8,153.62,Current,0
700062,100156,Personal Loan,9936.75,8.78,205.2,Current,0
700063,100211,Mortgage,150977.51,6.07,912.42,Current,0
700064,100087,Mortgage,209108.2,5.53,1190.6,Current,0
700065,100169,Mortgage,186550.88,5.11,1014.49,Current,0
700066,100995,Personal Loan,1500.0,9.92,31.81,Current,0
700067,100052,Personal Loan,8039.73,11.65,177.41,Current,0
700068,100439,Mortgage,261560.72,5.12,1423.13,Current,0
700069,100550,Personal Loan,7453.69,11.71,164.7,Current,0
700070,100491,Mortgage,308708.56,6.03,1856.15,Current,0
700071,100426,Personal Loan,20660.2,9.82,437.12,Current,0
700072,100136,Mortgage,265433.81,5.16,1450.8,Current,0
700073,101192,Mortgage,127099.52,5.45,717.3,Current,0
700074,100055,Personal Loan,5839.37,8.25,119.09,Current,0
700075,100079,Personal Loan,8092.42,7.94,163.86,Late,0
700076,100431,Personal Loan,5088.8,9.61,107.15,Current,0
700077,100185,Personal Loan,21580.33,13.36,495.02,Current,0
700078,100057,Auto Loan,20685.36,6.9,408.64,Current,0
700079,100943,Personal Loan,18021.27,13.1,410.97,Current,0
700080,100851,Personal Loan,3267.43,13.81,75.71,Current,0
700081,101164,Personal Loan,14613.56,15.22,349.32,Late,0
700082,100219,Personal Loan,12974.12,13.13,296.07,Current,0
700083,100845,Mortgage,197089.99,6.98,1308.0,Late,0
700084,100114,Personal Loan,6545.23,10.8,141.65,Current,0
700085,100549,Auto Loan,26533.37,7.57,532.54,Current,0
700086,101019,Auto Loan,10768.22,7.77,217.18,Current,0
700087,101073,Mortgage,264810.42,7.59,1868.23,Current,0
700088,100175,Auto Loan,8956.95,9.1,186.35,Current,0
700089,101023,Personal Loan,13312.27,13.52,306.44,Current,0
700090,100616,Mortgage,258356.98,6.3,1599.86,Current,0
700091,100514,Mortgage,334964.58,6.72,2166.21,Current,0
700092,100462,Auto Loan,25627.23,4.4,476.61,Current,0
700093,100287,Personal Loan,19570.09,9.84,414.28,Current,0
700094,100382,Auto Loan,22583.59,8.57,464.13,Current,0
700095,101008,Mortgage,360578.45,5.75,2103.22,Current,0
700096,100671,Personal Loan,14065.36,11.98,312.75,Default,60
700097,100535,Personal Loan,12554.27,5.28,238.52,Current,0
700098,100910,Personal Loan,8229.94,10.54,177.06,Default,90
700099,100293,Auto Loan,20139.11,7.0,398.79,Default,60
700100,100124,Mortgage,275299.31,6.69,1773.82,Late,0
700101,100583,Auto Loan,36097.32,7.79,728.22,Current,0
700102,100141,Mortgage,161327.71,5.25,890.48,Late,0
700103,100736,Auto Loan,20852.16,6.84,411.32,Current,0
700104,100082,Auto Loan,34873.13,7.18,693.48,Current,0
700105,100882,Auto Loan,34314.68,5.81,660.34,Default,120
700106,100740,Personal Loan,1500.0,13.32,34.38,Current,0
700107,101102,Personal Loan,14226.15,9.87,301.37,Current,0
700108,100909,Personal Loan,8455.68,13.11,192.85,Current,0
700109,101167,Auto Loan,33818.79,3.98,622.46,Current,0
700110,100937,Personal Loan,4326.56,12.78,97.96,Current,0
700111,100372,Personal Loan,17401.39,9.96,369.4,Current,0
700112,100890,Auto Loan,26880.37,7.63,540.3,Current,0
700113,100157,Personal Loan,18984.22,13.71,438.9,Current,0
700114,100992,Personal Loan,4222.76,9.79,89.29,Current,0
700115,100622,Personal Loan,8560.01,12.4,192.16,Current,0
700116,101038,Personal Loan,14047.11,8.3,286.85,Current,0
700117,100245,Auto Loan,16426.45,6.23,319.34,Current,0
700118,100159,Auto Loan,13056.4,7.94,264.36,Current,0
700119,100746,Personal Loan,12389.8,12.7,279.98,Current,0
700120,100193,Personal Loan,7180.48,8.13,146.05,Current,0
700121,100534,Auto Loan,38183.54,5.93,736.88,Current,0
700122,100904,Auto Loan,35263.52,5.65,675.95,Default,90
700123,101004,Personal Loan,21222.09,15.32,508.45,Current,0
700124,101070,Mortgage,230222.74,6.74,1491.24,Default,30
700125,100414,Auto Loan,29152.87,7.03,577.62,Current,0
700126,101187,Auto Loan,31819.83,6.54,623.13,Late,0
700127,100328,Auto Loan,28794.41,7.58,578.1,Current,0
700128,100129,Auto Loan,18508.98,7.3,369.12,Current,0
700129,100695,Personal Loan,11482.97,14.07,267.6,Current,0
700130,100631,Personal Loan,24958.85,14.11,582.21,Current,0
700131,100275,Auto Loan,41450.61,7.56,831.75,Current,0
700132,101148,Personal Loan,8472.81,11.03,184.36,Current,0
700133,100309,Auto Loan,23176.64,5.64,444.16,Current,0
700134,100234,Personal Loan,14755.92,14.73,348.94,Current,0
700135,101048,Personal Loan,12945.04,12.11,288.71,Current,0
700136,100623,Auto Loan,15266.84,7.82,308.23,Current,0
700137,100644,Personal Loan,9899.69,12.24,221.43,Current,0
700138,100479,Personal Loan,5257.15,8.64,108.21,Current,0
700139,100472,Personal Loan,8534.3,11.6,188.1,Late,0
700140,100926,Auto Loan,31612.85,8.63,650.52,Current,0
700141,101098,Personal Loan,5776.59,13.26,132.21,Current,0
700142,100627,Personal Loan,13078.49,10.66,282.13,Current,0
700143,100395,Auto Loan,18562.87,6.92,366.9,Current,0
700144,100637,Personal Loan,9409.87,16.16,229.62,Current,0
700145,100768,Personal Loan,13483.79,7.38,269.4,Current,0
700146,100533,Auto Loan,36016.57,7.18,716.29,Default,90
700147,100718,Auto Loan,37141.37,7.03,735.99,Current,0
700148,100667,Mortgage,166853.27,5.39,936.0,Current,0
700149,100598,Auto Loan,26665.55,6.69,524.15,Current,0
700150,100482,Mortgage,114909.49,6.43,720.87,Default,30
700151,101103,Mortgage,232417.2,7.04,1552.61,Current,0
700152,100315,Mortgage,250480.96,6.0,1501.03,Current,0
700153,100729,Personal Loan,14867.0,16.21,363.18,Current,0
700154,100210,Mortgage,264740.22,6.02,1590.73,Current,0
700155,100934,Mortgage,239239.01,6.7,1544.43,Current,0
700156,100434,Auto Loan,24097.06,6.09,466.88,Current,0
700157,100329,Mortgage,210922.69,5.28,1168.48,Current,0
700158,100261,Personal Loan,11982.88,12.8,271.41,Late,0
700159,101117,Personal Loan,13945.52,10.86,302.25,Current,0
700160,100307,Mortgage,62140.65,7.37,428.81,Current,0
700161,101067,Personal Loan,26731.3,10.23,570.99,Current,0
700162,100928,Auto Loan,28887.34,6.71,568.11,Default,120
700163,101025,Auto Loan,22409.0,5.54,428.45,Late,0
700164,100271,Mortgage,222799.59,6.15,1357.01,Default,60
700165,100291,Auto Loan,20040.07,7.91,405.45,Current,0
700166,100813,Mortgage,181270.67,5.98,1084.61,Late,0
700167,100097,Personal Loan,14536.5,13.01,330.85,Current,0
700168,100888,Personal Loan,11493.01,14.06,267.79,Current,0
700169,100819,Personal Loan,18359.47,7.85,370.99,Current,0
700170,100032,Personal Loan,11359.16,7.96,230.08,Current,0
700171,100763,Personal Loan,22783.65,12.79,515.99,Late,0
700172,100954,Auto Loan,33377.34,7.87,674.68,Current,0
700173,100320,Mortgage,268161.92,4.93,1427.56,Current,0
700174,100299,Personal Loan,12649.05,12.87,286.96,Current,0
700175,100200,Auto Loan,35141.93,7.42,702.78,Current,0
700176,100561,Auto Loan,41948.84,6.88,828.23,Current,0
700177,100179,Personal Loan,13829.75,12.18,308.93,Current,0
700178,101132,Mortgage,303395.13,5.54,1731.06,Default,90
700179,100089,Auto Loan,25843.22,6.08,500.59,Current,0
700180,100788,Mortgage,179932.58,5.72,1046.17,Current,0
700181,100725,Personal Loan,22295.9,9.83,471.89,Current,0
700182,100827,Personal Loan,15459.2,8.71,318.74,Current,0
700183,100209,Personal Loan,9988.91,10.09,212.67,Current,0
700184,101040,Mortgage,292350.16,6.3,1810.44,Current,0
700185,100297,Mortgage,215663.75,6.58,1374.08,Current,0
700186,100998,Personal Loan,14119.46,14.43,331.71,Current,0
700187,100498,Personal Loan,19707.98,7.76,397.37,Current,0
700188,100835,Mortgage,224432.49,6.5,1417.86,Default,90
700189,100430,Auto Loan,20113.28,7.25,400.67,Current,0
700190,100507,Auto Loan,10217.31,8.8,211.09,Current,0
700191,100831,Auto Loan,34541.57,7.27,688.35,Current,0
700192,100694,Auto Loan,20743.38,9.82,438.89,Late,0
700193,100011,Personal Loan,14708.75,8.94,304.93,Current,0
700194,100848,Personal Loan,15023.47,12.22,335.84,Current,0
700195,100463,Mortgage,198006.01,7.1,1330.4,Default,60
700196,100199,Auto Loan,41433.32,7.79,835.99,Current,0
700197,100060,Personal Loan,15646.55,12.32,350.58,Current,0
700198,100907,Mortgage,176066.33,6.67,1133.07,Current,0
700199,100997,Personal Loan,17276.37,10.03,367.37,Current,0
700200,100276,Auto Loan,26045.01,5.92,502.54,Current,0
700201,100809,Personal Loan,19609.94,12.54,441.6,Default,30
700202,100908,Mortgage,256444.35,6.61,1638.65,Current,0
700203,100658,Auto Loan,43656.71,5.99,843.81,Current,0
700204,100957,Auto Loan,30237.71,7.07,599.72,Current,0
700205,100886,Personal Loan,22818.69,10.85,494.41,Late,0
700206,100221,Personal Loan,13072.33,10.71,282.32,Current,0
700207,100789,Mortgage,252857.6,6.19,1546.75,Current,0
700208,100712,Personal Loan,3043.53,8.01,61.73,Late,0
700209,100714,Personal Loan,14622.77,10.76,316.19,Late,0
700210,101113,Mortgage,197088.32,5.41,1108.53,Current,0
700211,101191,Personal Loan,10644.55,9.93,225.78,Current,0
700212,100790,Auto Loan,20624.96,7.39,412.25,Current,0
700213,100416,Personal Loan,11910.98,11.73,263.31,Current,0
700214,100899,Personal Loan,8054.75,9.22,168.08,Current,0
700215,100935,Personal Loan,11102.61,12.04,247.17,Current,0
700216,100266,Personal Loan,11845.97,11.36,259.66,Current,0
700217,100632,Personal Loan,9114.17,10.09,194.05,Current,0
700218,100248,Auto Loan,13551.86,7.55,271.89,Current,0
700219,100683,Personal Loan,14500.08,14.72,342.86,Current,0
700220,100559,Auto Loan,20977.09,7.32,418.5,Current,0
700221,101137,Personal Loan,12827.73,13.26,293.59,Current,0
700222,100968,Mortgage,257107.77,6.04,1547.51,Current,0
700223,101005,Auto Loan,25590.82,5.38,487.36,Current,0
700224,100985,Personal Loan,20492.25,13.29,469.33,Current,0
700225,100295,Personal Loan,4895.94,12.76,110.8,Current,0
700226,100520,Auto Loan,19608.66,6.15,380.43,Current,0
700227,100771,Mortgage,206128.53,6.87,1352.97,Current,0
700228,100084,Mortgage,177627.14,6.44,1116.25,Current,0
700229,100232,Auto Loan,24331.05,10.19,519.29,Current,0
700230,100621,Mortgage,315070.15,7.22,2143.41,Late,0
700231,100334,Auto Loan,20559.37,6.13,398.67,Late,0
700232,100130,Auto Loan,27624.97,5.58,528.65,Current,0
700233,101012,Personal Loan,13184.2,8.92,273.16,Current,0
700234,100645,Personal Loan,13449.85,7.9,272.07,Current,0
700235,100974,Personal Loan,10932.38,14.03,254.57,Current,0
700236,100383,Auto Loan,35565.99,7.78,717.41,Current,0
700237,100868,Auto Loan,36492.25,7.25,726.88,Current,0
700238,100543,Personal Loan,10156.89,15.57,244.66,Current,0
700239,101194,Auto Loan,30727.55,8.18,625.64,Current,0
700240,100875,Personal Loan,16277.95,11.26,356.07,Current,0
700241,100332,Auto Loan,26799.35,8.37,548.21,Current,0
700242,100410,Personal Loan,12722.32,15.5,306.0,Current,0
700243,100077,Mortgage,152497.67,7.26,1041.75,Current,0
700244,100869,Mortgage,156102.56,6.85,1022.55,Current,0
700245,100139,Personal Loan,11008.06,8.2,224.25,Current,0
700246,100544,Personal Loan,7730.05,10.75,167.1,Current,0
700247,100674,Personal Loan,10460.93,9.75,221.0,Current,0
700248,100921,Auto Loan,28207.63,7.12,560.08,Current,0
700249,100064,Mortgage,214099.28,5.72,1244.73,Current,0
700250,100142,Auto Loan,26044.14,7.1,516.88,Current,0
700251,100717,Personal Loan,3373.1,12.25,75.46,Current,0
700252,100377,Mortgage,197928.58,6.0,1186.97,Late,0
700253,100364,Personal Loan,8384.02,8.36,171.45,Current,0
700254,100140,Auto Loan,14446.33,5.82,278.07,Current,0
700255,100885,Personal Loan,8262.76,10.1,175.98,Current,0
700256,101042,Auto Loan,32869.54,5.48,627.51,Current,0
700257,100225,Auto Loan,17480.87,6.58,342.72,Current,0
700258,100515,Mortgage,113486.81,6.78,738.35,Current,0
700259,100267,Personal Loan,9771.92,10.09,208.08,Default,60
700260,101170,Personal Loan,7347.27,8.51,150.76,Current,0
700261,100487,Auto Loan,36700.64,7.95,743.34,Current,0
700262,100353,Mortgage,360853.05,6.1,2186.88,Current,0
700263,101006,Auto Loan,24145.4,8.76,498.4,Current,0
700264,100618,Personal Loan,4912.67,9.76,103.79,Current,0
700265,100668,Mortgage,247313.14,5.8,1450.52,Current,0
700266,100775,Personal Loan,12245.59,7.37,244.6,Current,0
700267,100554,Personal Loan,4222.33,14.06,98.38,Current,0
700268,100576,Personal Loan,22959.17,8.75,473.86,Current,0
700269,100915,Auto Loan,24335.67,8.3,496.9,Current,0
700270,100466,Mortgage,138810.61,6.59,885.91,Current,0
700271,100591,Auto Loan,26243.06,7.12,521.09,Current,0
700272,100765,Personal Loan,7709.56,12.83,174.73,Current,0
700273,100635,Auto Loan,12207.77,6.79,240.51,Current,0
700274,100838,Mortgage,268479.43,5.85,1584.18,Current,0
700275,100290,Auto Loan,24254.16,6.27,471.92,Current,0
700276,100040,Mortgage,139303.34,6.0,835.35,Current,0
700277,100031,Personal Loan,9850.11,11.17,215.0,Current,0
700278,100243,Personal Loan,6787.56,10.12,144.61,Current,0
700279,100429,Mortgage,293955.98,6.98,1950.91,Current,0
700280,100137,Personal Loan,6266.63,9.31,131.03,Current,0
700281,101101,Auto Loan,24121.78,6.93,476.89,Current,0
700282,100865,Auto Loan,17481.54,7.01,346.21,Current,0
700283,100004,Personal Loan,7778.42,14.13,181.5,Default,90
700284,100833,Mortgage,231326.38,6.11,1403.25,Current,0
700285,100603,Personal Loan,6360.89,8.59,130.78,Current,0
700286,101034,Mortgage,149224.37,6.18,912.16,Current,0
700287,100655,Personal Loan,1500.0,10.81,32.47,Current,0
700288,100844,Mortgage,154196.72,6.84,1009.42,Current,0
700289,100784,Mortgage,79325.63,5.24,437.31,Current,0
700290,101074,Auto Loan,26609.49,7.47,532.76,Current,0
700291,100443,Mortgage,296710.98,6.25,1827.24,Current,0
700292,101178,Personal Loan,6191.9,11.45,136.01,Current,0
700293,100436,Mortgage,225952.39,5.63,1301.67,Current,0
700294,101169,Personal Loan,9599.48,9.52,201.68,Current,0
700295,100101,Personal Loan,11263.63,10.99,244.86,Current,0
700296,100773,Mortgage,108514.73,6.04,653.09,Current,0
700297,100495,Personal Loan,14574.83,15.83,353.11,Current,0
700298,101028,Personal Loan,9232.11,8.92,191.29,Current,0
700299,100807,Personal Loan,14660.99,13.87,340.16,Current,0
700300,101142,Mortgage,262119.91,5.4,1471.3,Current,0
700301,100846,Personal Loan,13161.04,14.12,307.05,Current,0
700302,100987,Mortgage,280487.95,6.25,1727.27,Current,0
700303,100228,Personal Loan,18552.98,10.4,397.84,Current,0
700304,101193,Personal Loan,6536.59,11.12,142.52,Current,0
700305,100672,Mortgage,159686.76,7.21,1085.46,Current,0
700306,100859,Auto Loan,33761.84,7.65,679.01,Current,0
700307,100925,Mortgage,208064.39,6.2,1274.49,Current,0
700308,100067,Auto Loan,33987.74,7.48,680.67,Late,0
700309,100068,Mortgage,219407.75,7.57,1544.58,Current,0
700310,100817,Mortgage,248206.66,6.69,1600.24,Current,0
700311,100212,Personal Loan,15987.68,7.29,318.8,Current,0
700312,100013,Mortgage,202165.45,5.37,1130.97,Current,0
700313,100494,Auto Loan,13317.7,6.16,258.44,Current,0
700314,101165,Mortgage,45561.58,6.83,297.81,Current,0
700315,100300,Auto Loan,27664.45,6.34,539.2,Late,0
700316,100411,Mortgage,211988.74,6.95,1403.55,Current,0
700317,100757,Mortgage,99030.06,6.63,634.11,Default,90
700318,101075,Mortgage,144373.33,5.68,836.34,Current,0
700319,100696,Personal Loan,19371.69,10.79,419.16,Current,0
700320,101151,Mortgage,347962.03,5.4,1953.0,Current,0
700321,100724,Auto Loan,19352.59,7.54,388.15,Current,0
700322,101016,Mortgage,271003.41,6.47,1706.79,Current,0
700323,100528,Personal Loan,9747.19,15.04,232.1,Current,0
700324,100600,Personal Loan,17444.71,13.31,399.69,Current,0
700325,101120,Auto Loan,23336.9,4.91,439.44,Late,0
700326,100567,Personal Loan,3700.37,13.98,86.07,Current,0
700327,100731,Personal Loan,18325.0,10.02,389.54,Current,0
700328,100274,Personal Loan,10090.15,9.4,211.4,Current,0
700329,100967,Personal Loan,8998.82,13.31,206.18,Late,0
700330,100238,Auto Loan,30690.68,6.77,604.4,Default,30
700331,100406,Personal Loan,13631.27,14.69,322.09,Late,0
700332,100003,Auto Loan,19679.06,4.29,364.99,Current,0
700333,100007,Mortgage,301652.57,4.93,1606.94,Current,0
700334,100312,Auto Loan,16602.07,6.64,325.9,Default,120
700335,101091,Mortgage,272370.41,5.29,1510.19,Current,0
700336,100452,Personal Loan,9257.99,11.87,205.32,Current,0
700337,100722,Auto Loan,22307.01,8.37,456.24,Current,0
700338,100216,Auto Loan,8490.0,9.7,179.16,Current,0
700339,101086,Auto Loan,30535.9,6.79,601.65,Current,0
700340,100028,Personal Loan,14008.11,12.4,314.42,Current,0
700341,101158,Personal Loan,22538.66,13.2,515.14,Current,0
700342,100362,Auto Loan,16176.59,8.35,330.7,Current,0
700343,100823,Personal Loan,20085.54,12.78,454.75,Current,0
700344,100781,Personal Loan,7174.19,12.84,162.65,Current,0
700345,100629,Mortgage,168935.9,6.08,1021.39,Current,0
700346,100454,Personal Loan,11258.71,14.54,265.11,Current,0
700347,100739,Auto Loan,27616.36,6.51,540.49,Current,0
700348,100536,Mortgage,148540.52,6.09,899.09,Current,0
700349,101050,Personal Loan,16859.54,10.47,362.09,Current,0
700350,100399,Personal Loan,19225.96,15.8,465.47,Default,60
700351,100257,Personal Loan,17170.12,10.85,372.03,Current,0
700352,100292,Auto Loan,31437.04,7.75,633.67,Current,0
700353,100026,Personal Loan,11030.07,12.03,245.5,Current,0
700354,100337,Personal Loan,17077.86,16.36,418.56,Current,0
700355,100585,Personal Loan,4091.8,12.43,91.9,Current,0
700356,100048,Personal Loan,16012.41,11.03,348.4,Late,0
700357,100319,Auto Loan,30832.21,7.54,618.35,Current,0
700358,100107,Auto Loan,34580.81,8.24,705.23,Current,0
700359,100799,Personal Loan,19082.08,11.02,415.11,Current,0
700360,100056,Auto Loan,23603.94,5.6,451.98,Current,0
700361,100523,Mortgage,152326.92,5.85,898.25,Current,0
700362,100214,Auto Loan,25719.55,5.82,495.09,Current,0
700363,100121,Mortgage,44418.12,5.1,241.17,Current,0
700364,100918,Auto Loan,40251.61,6.55,788.52,Current,0
700365,101068,Personal Loan,15646.75,11.36,343.05,Default,90
700366,101118,Auto Loan,36161.57,5.87,696.87,Current,0
700367,100073,Auto Loan,31294.82,5.93,604.06,Current,0
700368,100948,Auto Loan,30780.03,9.38,644.62,Current,0
700369,100747,Auto Loan,27282.18,8.03,553.56,Current,0
700370,100716,Personal Loan,7099.15,11.23,155.16,Current,0
700371,100558,Mortgage,232429.25,5.97,1388.65,Late,0
700372,101082,Auto Loan,34199.19,9.67,721.02,Current,0
700373,101046,Personal Loan,16261.7,13.36,372.99,Current,0
700374,100553,Personal Loan,20946.99,8.54,430.19,Current,0
700375,100562,Auto Loan,41742.25,8.25,851.45,Current,0
700376,100425,Mortgage,195632.88,7.47,1363.94,Default,60
700377,101014,Personal Loan,21561.41,10.24,460.72,Current,0
700378,100326,Personal Loan,1500.0,10.6,32.32,Current,0
700379,100924,Personal Loan,11247.42,8.68,231.74,Current,0
700380,100317,Mortgage,186405.52,5.14,1016.15,Current,0
700381,100804,Mortgage,205052.35,6.98,1361.06,Current,0
700382,101163,Auto Loan,35521.79,8.6,730.49,Current,0
700383,100529,Auto Loan,20230.5,7.77,407.95,Current,0
700384,100837,Mortgage,157802.78,6.05,951.08,Current,0
700385,100715,Personal Loan,2534.59,11.96,56.32,Current,0
700386,100901,Personal Loan,15722.11,13.46,361.47,Late,0
700387,100061,Auto Loan,35416.89,7.39,707.79,Default,30
700388,100723,Mortgage,167471.21,6.2,1025.82,Default,60
700389,100093,Personal Loan,9244.18,10.98,200.91,Current,0
700390,100858,Mortgage,143357.52,5.38,803.37,Current,0
700391,100619,Mortgage,367028.0,6.67,2360.01,Current,0
700392,100352,Mortgage,299067.27,5.95,1783.19,Current,0
700393,100933,Personal Loan,22842.89,11.06,497.34,Current,0
700394,100281,Personal Loan,11874.55,11.07,258.58,Current,0
700395,100421,Personal Loan,15867.0,11.67,350.29,Current,0
700396,101115,Personal Loan,19608.54,9.57,412.47,Current,0
700397,100360,Mortgage,199701.14,6.38,1246.87,Default,90
700398,100423,Auto Loan,27957.6,7.01,553.74,Default,60
700399,100679,Personal Loan,1500.0,9.63,31.6,Late,0
700400,100527,Auto Loan,18347.85,7.06,363.81,Current,0
700401,100478,Mortgage,176279.59,5.3,979.02,Current,0
700402,101095,Personal Loan,15534.28,13.62,358.4,Current,0
700403,100183,Auto Loan,9994.17,7.91,202.22,Current,0
700404,101092,Personal Loan,20556.97,11.0,446.97,Current,0
700405,100433,Personal Loan,4678.63,15.5,112.53,Current,0
700406,100111,Auto Loan,28615.75,8.14,582.13,Current,0
700407,100371,Auto Loan,19675.37,4.71,368.71,Late,0
700408,100240,Mortgage,231461.87,6.08,1399.64,Current,0
700409,100709,Auto Loan,27351.11,6.7,537.7,Current,0
700410,100630,Personal Loan,1500.0,14.54,35.32,Default,120
700411,100594,Personal Loan,15378.14,15.44,369.42,Current,0
700412,100486,Personal Loan,21051.86,9.51,442.27,Current,0
700413,100701,Auto Loan,25000.33,7.28,498.35,Current,0
700414,100262,Auto Loan,31376.28,8.19,639.1,Current,0
700415,100480,Auto Loan,19233.45,7.31,383.63,Current,0
700416,100650,Personal Loan,10170.19,12.42,228.4,Current,0
700417,100340,Auto Loan,31311.14,8.01,635.05,Late,0
700418,100669,Personal Loan,1500.0,13.05,34.17,Current,0
700419,100552,Personal Loan,12214.78,10.1,260.11,Current,0
700420,100459,Auto Loan,17631.91,6.49,344.89,Current,0
700421,100184,Personal Loan,8135.99,9.87,172.36,Late,0
700422,100138,Personal Loan,17324.04,11.05,377.13,Current,0
700423,101161,Personal Loan,9480.09,12.38,212.69,Current,0
700424,100707,Auto Loan,27988.04,8.09,568.7,Current,0
700425,100582,Mortgage,265467.84,6.2,1626.07,Late,0
700426,100081,Personal Loan,17733.25,9.93,376.13,Current,0
700427,100769,Personal Loan,11478.29,11.41,251.94,Current,0
700428,100870,Auto Loan,28619.58,7.21,569.49,Current,0
700429,100762,Personal Loan,5969.75,9.43,125.17,Current,0
700430,100030,Personal Loan,11236.08,13.4,257.95,Current,0
700431,100542,Auto Loan,26108.61,6.07,505.62,Current,0
700432,100166,Mortgage,228747.69,7.37,1579.72,Current,0
700433,100249,Auto Loan,14929.49,10.0,317.24,Current,0
700434,100308,Personal Loan,13964.48,11.43,306.61,Current,0
700435,100448,Personal Loan,10995.21,10.9,238.52,Current,0
700436,100347,Personal Loan,12071.49,9.87,255.7,Current,0
700437,100335,Auto Loan,17326.84,7.7,348.83,Current,0
700438,100286,Personal Loan,11419.35,6.13,221.47,Current,0
700439,100950,Auto Loan,25592.64,7.76,516.05,Current,0
700440,100098,Personal Loan,10522.14,9.29,219.89,Current,0
700441,100468,Auto Loan,38971.59,8.5,799.53,Current,0
700442,101037,Personal Loan,7730.19,18.07,196.59,Current,0
700443,100913,Personal Loan,15312.75,7.6,307.54,Current,0
700444,100756,Personal Loan,6625.14,11.08,144.3,Late,0
700445,100945,Mortgage,204037.01,5.39,1144.82,Current,0
700446,100614,Auto Loan,17470.59,6.67,343.25,Current,0
700447,100802,Mortgage,117926.77,6.66,757.86,Current,0
700448,100758,Mortgage,97107.37,4.86,512.75,Current,0
700449,100689,Auto Loan,22713.32,7.23,452.22,Late,0
700450,100066,Auto Loan,22485.79,4.72,421.42,Default,90
700451,100794,Personal Loan,22736.94,10.21,485.46,Default,90
700452,100744,Auto Loan,14543.55,7.68,292.7,Current,0
700453,100568,Personal Loan,23414.21,9.43,490.95,Current,0
700454,101084,Personal Loan,3060.98,10.71,66.1,Current,0
700455,101099,Personal Loan,8456.9,14.72,199.96,Current,0
700456,100303,Mortgage,163943.08,6.31,1015.38,Current,0
